Draw Date,Draw#,Numbers,PowerBall,Multiplier,Jackpot,Wins,Ball 1,Ball 2,Ball 3,Ball 4,Ball 5
2010-01-02,886,13-16-19-20-33,6,,1284115.8,0.0,13,16,19,20,33
2010-01-06,887,20-28-32-33-36,7,,1632897.18,1.0,20,28,32,33,36
2010-01-09,888,2-7-9-15-23,8,,,,2,7,9,15,23
2010-01-13,889,3-6-7-21-26,9,,1000000.0,0.0,3,6,7,21,26
2010-01-16,890,8-19-22-23-26,6,,1000000.0,0.0,8,19,22,23,26
2010-01-20,891,7-9-19-23-31,1,,1269467.4,0.0,7,9,19,23,31
2010-01-23,892,5-10-15-27-32,9,,1637925.17,0.0,5,10,15,27,32
2010-01-27,893,4-5-11-13-30,3,,1953430.36,0.0,4,5,11,13,30
2010-01-30,894,10-11-21-29-32,6,,2415959.68,0.0,10,11,21,29,32
2010-02-03,895,2-4-9-25-31,1,,2807774.04,0.0,2,4,9,25,31
2010-02-06,896,2-3-9-15-31,2,,3350300.41,0.0,2,3,9,15,31
2010-02-10,897,10-14-19-28-29,10,,3869471.57,0.0,10,14,19,28,29
2010-02-13,898,1-13-15-23-32,8,,4544673.13,0.0,1,13,15,23,32
2010-02-17,899,1-8-9-16-23,1,,4989256.79,0.0,1,8,9,16,23
2010-02-20,900,2-9-13-20-27,9,,5861844.84,0.0,2,9,13,20,27
2010-02-24,901,8-18-23-26-34,1,,6833373.5,0.0,8,18,23,26,34
2010-02-27,902,1-4-28-32-36,8,,8220558.83,0.0,1,4,28,32,36
2010-03-03,903,4-5-17-21-25,2,,9784298.21,2.0,4,5,17,21,25
2010-03-06,904,7-9-16-21-35,6,,413835.76,0.0,7,9,16,21,35
2010-03-10,905,5-8-13-14-34,3,,722409.72,0.0,5,8,13,14,34
2010-03-13,906,4-16-23-28-36,7,,1121261.14,0.0,4,16,23,28,36
2010-03-17,907,7-9-11-14-26,5,,1450578.35,0.0,7,9,11,14,26
2010-03-20,908,5-14-23-28-32,5,,1889070.78,1.0,5,14,23,28,32
2010-03-24,909,17-18-25-26-30,5,,1000000.0,0.0,17,18,25,26,30
2010-03-27,910,11-15-25-29-33,9,,615311.91,0.0,11,15,25,29,33
2010-03-31,911,4-16-23-28-33,2,,1000000.0,0.0,4,16,23,28,33
2010-04-03,912,7-12-21-27-32,6,,1205111.23,0.0,7,12,21,27,32
2010-04-07,913,4-9-20-30-32,5,,1486809.15,0.0,4,9,20,30,32
2010-04-10,914,4-10-24-33-34,2,,1857921.78,0.0,4,10,24,33,34
2010-04-14,915,5-6-17-21-26,5,,2164125.4,1.0,5,6,17,21,26
2010-04-17,916,11-17-23-24-36,2,,1000000.0,0.0,11,17,23,24,36
2010-04-21,917,4-6-17-28-34,5,,1000000.0,0.0,4,6,17,28,34
2010-04-24,918,1-7-9-10-31,4,,1000000.0,0.0,1,7,9,10,31
2010-04-28,919,9-24-32-33-36,2,,1117150.42,0.0,9,24,32,33,36
2010-05-01,920,4-6-8-10-17,2,,1452219.06,0.0,4,6,8,10,17
2010-05-05,921,6-16-22-25-27,1,,1721036.61,0.0,6,16,22,25,27
2010-05-08,922,14-19-20-22-24,9,,2060706.49,0.0,14,19,20,22,24
2010-05-12,923,2-3-12-16-17,3,,2342171.22,0.0,2,3,12,16,17
2010-05-15,924,1-2-7-25-28,4,,2763082.42,0.0,1,2,7,25,28
2010-05-19,925,4-8-22-26-35,4,,3128804.69,0.0,4,8,22,26,35
2010-05-22,926,9-21-23-24-30,9,,3565026.73,0.0,9,21,23,24,30
2010-05-26,927,5-12-23-28-34,6,,3993180.86,0.0,5,12,23,28,34
2010-05-29,928,1-7-25-31-33,3,,4599012.62,0.0,1,7,25,31,33
2010-06-02,929,3-13-14-31-34,2,,5170673.15,0.0,3,13,14,31,34
2010-06-05,930,5-8-10-12-27,2,,5860501.78,0.0,5,8,10,12,27
2010-06-09,931,4-7-19-21-30,7,,6637471.35,0.0,4,7,19,21,30
2010-06-12,932,3-4-5-10-13,10,,7.0,1.0,3,4,5,10,13
2010-06-16,933,11-16-25-27-35,5,,,,11,16,25,27,35
2010-06-19,934,1-12-17-21-32,3,,1000000.0,0.0,1,12,17,21,32
2010-06-23,935,2-11-16-27-31,8,,1000000.0,0.0,2,11,16,27,31
2010-06-26,936,11-17-21-33-35,3,,1202421.08,0.0,11,17,21,33,35
2010-06-30,937,6-26-33-34-36,6,,1490055.08,0.0,6,26,33,34,36
2010-07-03,938,3-17-31-34-35,7,,1867266.97,0.0,3,17,31,34,35
2010-07-07,939,5-7-15-30-34,9,,2166736.16,0.0,5,7,15,30,34
2010-07-10,940,6-20-26-28-31,10,,2565810.69,0.0,6,20,26,28,31
2010-07-14,941,1-11-21-30-33,3,,2800000.0,0.0,1,11,21,30,33
2010-07-17,942,10-20-21-31-36,8,,3334618.47,0.0,10,20,21,31,36
2010-07-21,943,2-16-23-31-36,8,,3719582.66,0.0,2,16,23,31,36
2010-07-24,944,1-25-28-31-36,1,,4249461.48,0.0,1,25,28,31,36
2010-07-28,945,2-22-24-27-28,6,,4713274.98,0.0,2,22,24,27,28
2010-07-31,946,4-5-20-28-34,9,,5379363.32,0.0,4,5,20,28,34
2010-08-04,947,3-4-5-32-34,5,,5987288.46,0.0,3,4,5,32,34
2010-08-07,948,2-12-19-27-34,2,,6.0,0.0,2,12,19,27,34
2010-08-11,949,6-23-24-27-32,10,,7.0,0.0,6,23,24,27,32
2010-08-14,950,2-3-16-24-30,9,,8740155.05,0.0,2,3,16,24,30
2010-08-18,951,3-5-9-13-28,7,,9896222.15,0.0,3,5,9,13,28
2010-08-21,952,4-7-22-29-32,3,,11414408.04,0.0,4,7,22,29,32
2010-08-25,953,6-11-12-27-35,3,,13087304.3,1.0,6,11,12,27,35
2010-08-28,954,5-6-25-26-27,3,,1000000.0,0.0,5,6,25,26,27
2010-09-01,955,11-15-23-25-28,9,,1000000.0,0.0,11,15,23,25,28
2010-09-04,956,8-16-23-34-35,6,,1045861.03,0.0,8,16,23,34,35
2010-09-08,957,1-4-8-21-26,5,,1.0,0.0,1,4,8,21,26
2010-09-11,958,5-10-21-23-28,10,,1695180.35,0.0,5,10,21,23,28
2010-09-15,959,2-3-8-27-31,6,,1999535.43,0.0,2,3,8,27,31
2010-09-18,960,3-5-15-19-27,4,,2395873.38,0.0,3,5,15,19,27
2010-09-22,961,1-7-23-25-33,3,,2703578.26,0.0,1,7,23,25,33
2010-09-25,962,8-16-19-23-27,2,,3.0,0.0,8,16,19,23,27
2010-09-29,963,2-9-22-25-35,10,,3.0,0.0,2,9,22,25,35
2010-10-02,964,10-23-31-32-36,2,,3951015.0,0.0,10,23,31,32,36
2010-10-06,965,2-9-12-13-32,4,,4382289.23,0.0,2,9,12,13,32
2010-10-09,966,8-20-24-25-32,3,,4952146.01,0.0,8,20,24,25,32
2010-10-13,967,1-2-13-25-35,1,,5499129.42,0.0,1,2,13,25,35
2010-10-16,968,4-21-29-31-35,10,,6.0,0.0,4,21,29,31,35
2010-10-20,969,29-30-31-34-35,10,,6786863.73,1.0,29,30,31,34,35
2010-10-23,970,13-23-31-33-36,10,,1000000.0,0.0,13,23,31,33,36
2010-10-27,971,3-21-24-28-36,5,,1100000.0,0.0,3,21,24,28,36
2010-10-30,972,1-10-11-25-32,10,,1007057.6,0.0,1,10,11,25,32
2010-11-03,973,1-6-10-33-35,7,,1307425.67,0.0,1,6,10,33,35
2010-11-06,974,1-19-21-24-29,4,,1.0,0.0,1,19,21,24,29
2010-11-10,975,8-10-11-22-26,3,,1.0,0.0,8,10,11,22,26
2010-11-13,976,3-23-29-32-36,3,,2343385.08,0.0,3,23,29,32,36
2010-11-17,977,13-14-27-33-35,7,,2663043.0,0.0,13,14,27,33,35
2010-11-20,978,4-8-21-23-25,5,,3066258.35,0.0,4,8,21,23,25
2010-11-24,979,1-3-4-8-15,5,,3411943.7,0.0,1,3,4,8,15
2010-11-27,980,4-8-28-30-35,5,,3915585.36,0.0,4,8,28,30,35
2010-12-01,981,3-6-16-34-35,2,,4385227.57,0.0,3,6,16,34,35
2010-12-04,982,9-11-22-30-32,1,,4958723.8,0.0,9,11,22,30,32
2010-12-08,983,16-18-21-30-31,10,,5491343.19,0.0,16,18,21,30,31
2010-12-11,984,7-9-21-32-34,8,,6195394.3,0.0,7,9,21,32,34
2010-12-15,985,2-8-12-13-26,6,,6868407.38,0.0,2,8,12,13,26
2010-12-18,986,2-14-15-20-36,3,,7749112.06,0.0,2,14,15,20,36
2010-12-22,987,8-15-20-25-26,8,,8667809.33,0.0,8,15,20,25,26
2010-12-24,988,6-7-13-24-28,3,,9647335.65,0.0,6,7,13,24,28
2010-12-29,989,1-5-11-13-24,7,,10600000.0,2.0,1,5,11,13,24
2011-01-01,990,15-20-22-25-29,3,,1000000.0,0.0,15,20,22,25,29
2011-01-05,991,8-9-19-30-32,8,,1000000.0,0.0,8,9,19,30,32
2011-01-08,992,5-11-20-21-23,2,,1024936.06,0.0,5,11,20,21,23
2011-01-12,993,3-10-12-13-31,3,,1330786.5,0.0,3,10,12,13,31
2011-01-15,994,5-6-10-22-27,3,,1714590.07,0.0,5,6,10,22,27
2011-01-19,995,6-13-19-20-29,3,,2029689.94,0.0,6,13,19,20,29
2011-01-22,996,5-16-19-31-33,7,,2440386.55,0.0,5,16,19,31,33
2011-01-26,997,14-18-25-29-32,10,,2782737.5,0.0,14,18,25,29,32
2011-01-29,998,15-16-18-26-33,5,,3231756.31,0.0,15,16,18,26,33
2011-02-02,999,3-18-26-32-33,1,,3660959.45,0.0,3,18,26,32,33
2011-02-05,1000,1-13-25-27-36,3,,4200859.78,0.0,1,13,25,27,36
2011-02-09,1001,1-9-16-18-36,3,,4622947.97,0.0,1,9,16,18,36
2011-02-12,1002,3-4-5-8-11,5,,5183379.77,1.0,3,4,5,8,11
2011-02-16,1003,6-12-16-17-23,1,,1000000.0,0.0,6,12,16,17,23
2011-02-19,1004,16-17-18-20-30,8,,1000000.0,0.0,16,17,18,20,30
2011-02-23,1005,6-10-17-31-35,6,,1000000.0,0.0,6,10,17,31,35
2011-02-26,1006,7-11-14-18-33,9,,1287587.51,0.0,7,11,14,18,33
2011-03-02,1007,10-11-23-26-35,9,,1602406.95,0.0,10,11,23,26,35
2011-03-05,1008,2-11-23-24-36,4,,1994164.58,0.0,2,11,23,24,36
2011-03-09,1009,10-20-26-33-36,4,,2257170.55,0.0,10,20,26,33,36
2011-03-12,1010,2-6-9-19-27,10,,2662998.2,0.0,2,6,9,19,27
2011-03-16,1011,13-23-24-28-36,8,,3009214.94,0.0,13,23,24,28,36
2011-03-19,1012,2-3-6-12-28,2,,3448771.56,0.0,2,3,6,12,28
2011-03-23,1013,1-15-19-29-31,1,,3827691.88,0.0,1,15,19,29,31
2011-03-26,1014,2-10-16-33-34,1,,4355747.23,0.0,2,10,16,33,34
2011-03-31,1015,3-8-20-25-28,4,,4767575.17,0.0,3,8,20,25,28
2011-04-02,1016,3-4-16-32-35,8,,5311561.62,0.0,3,4,16,32,35
2011-04-06,1017,5-8-17-18-22,1,,5848254.91,0.0,5,8,17,18,22
2011-04-09,1018,12-18-24-32-35,3,,6546352.96,0.0,12,18,24,32,35
2011-04-13,1019,8-13-14-21-35,5,,7227648.02,0.0,8,13,14,21,35
2011-04-16,1020,1-3-7-13-34,10,,8184146.43,0.0,1,3,7,13,34
2011-04-20,1021,13-14-15-27-34,6,,9202034.32,1.0,13,14,15,27,34
2011-04-23,1022,5-18-25-29-36,9,,1000000.0,0.0,5,18,25,29,36
2011-04-27,1023,2-7-16-17-23,8,,1000000.0,0.0,2,7,16,17,23
2011-04-30,1024,12-14-27-29-31,10,,1027071.68,0.0,12,14,27,29,31
2011-05-04,1025,10-11-20-23-34,9,,1345420.47,0.0,10,11,20,23,34
2011-05-07,1026,1-6-9-21-31,7,,1726852.52,0.0,1,6,9,21,31
2011-05-11,1027,1-3-12-24-29,10,,2039817.65,1.0,1,3,12,24,29
2011-05-14,1028,7-10-18-19-24,8,,1000000.0,1.0,7,10,18,19,24
2011-05-18,1029,13-16-27-30-31,4,,1000000.0,0.0,13,16,27,30,31
2011-05-21,1030,2-7-30-34-36,4,,1000000.0,0.0,2,7,30,34,36
2011-05-25,1031,9-28-31-33-34,7,,1000000.0,0.0,9,28,31,33,34
2011-05-28,1032,12-13-15-18-33,8,,1203639.11,1.0,12,13,15,18,33
2011-06-01,1033,9-13-17-28-29,6,,1000000.0,0.0,9,13,17,28,29
2011-06-03,1034,2-7-9-11-36,5,,1000000.0,0.0,2,7,9,11,36
2011-06-08,1035,10-12-23-25-35,6,,1000000.0,0.0,10,12,23,25,35
2011-06-11,1036,1-13-18-21-31,6,,1205190.65,0.0,1,13,18,21,31
2011-06-15,1037,2-5-7-11-14,2,,1476260.63,0.0,2,5,7,11,14
2011-06-18,1038,3-8-13-19-21,10,,1843162.09,0.0,3,8,13,19,21
2011-06-22,1039,11-12-16-21-29,4,,2134102.45,0.0,11,12,16,21,29
2011-06-25,1040,6-9-30-32-33,1,,2506093.19,0.0,6,9,30,32,33
2011-06-29,1041,1-5-6-25-32,2,,2829937.74,0.0,1,5,6,25,32
2011-07-02,1042,6-12-22-26-27,5,,3261319.66,0.0,6,12,22,26,27
2011-07-06,1043,1-3-9-14-31,8,,3636160.22,0.0,1,3,9,14,31
2011-07-09,1044,14-28-29-30-36,5,,4095041.63,0.0,14,28,29,30,36
2011-07-13,1045,5-22-24-29-35,9,,4560048.89,1.0,5,22,24,29,35
2011-07-16,1046,1-12-16-21-29,2,,1000000.0,0.0,1,12,16,21,29
2011-07-20,1047,2-17-21-32-34,1,,1000000.0,0.0,2,17,21,32,34
2011-07-23,1048,18-26-27-35-36,8,,1000000.0,0.0,18,26,27,35,36
2011-07-27,1049,5-10-13-27-30,4,,1241092.38,0.0,5,10,13,27,30
2011-07-30,1050,8-19-23-33-34,1,,1611362.91,0.0,8,19,23,33,34
2011-08-03,1051,11-12-28-32-33,8,,1899284.43,0.0,11,12,28,32,33
2011-08-06,1052,8-16-19-29-32,5,,2285989.04,0.0,8,16,19,29,32
2011-08-10,1053,1-22-26-28-35,6,,2602115.83,0.0,1,22,26,28,35
2011-08-13,1054,12-18-20-23-30,10,,3017891.25,0.0,12,18,20,23,30
2011-08-17,1055,2-17-28-34-36,4,,3369340.79,0.0,2,17,28,34,36
2011-08-20,1056,5-16-22-30-34,3,,3817619.28,0.0,5,16,22,30,34
2011-08-24,1057,4-5-6-21-36,4,,4224537.81,0.0,4,5,6,21,36
2011-08-27,1058,7-10-27-29-30,1,,4822222.9,0.0,7,10,27,29,30
2011-09-01,1059,1-5-11-16-23,9,,7572663.14,1.0,1,5,11,16,23
2011-09-03,1060,14-17-22-28-36,9,,1000000.0,0.0,14,17,22,28,36
2011-09-07,1061,9-23-24-29-34,3,,1000000.0,0.0,9,23,24,29,34
2011-09-10,1062,1-16-23-24-32,1,,1000000.0,0.0,1,16,23,24,32
2011-09-14,1063,2-5-6-13-19,4,,1264490.1,0.0,2,5,6,13,19
2011-09-17,1064,6-17-34-35-36,9,,1636526.34,0.0,6,17,34,35,36
2011-09-21,1065,6-12-16-24-31,9,,1933073.84,0.0,6,12,16,24,31
2011-09-24,1066,1-16-17-24-31,10,,2284040.88,0.0,1,16,17,24,31
2011-09-28,1067,2-9-10-14-19,1,,2607090.91,1.0,2,9,10,14,19
2011-10-01,1068,15-17-19-20-23,10,,1000000.0,0.0,15,17,19,20,23
2011-10-05,1069,4-11-13-18-23,6,,1000000.0,0.0,4,11,13,18,23
2011-10-08,1070,5-10-14-23-24,8,,1000000.0,0.0,5,10,14,23,24
2011-10-12,1071,23-24-27-29-31,10,,1266087.05,0.0,23,24,27,29,31
2011-10-15,1072,1-12-14-15-29,5,,1605610.9,0.0,1,12,14,15,29
2011-10-19,1073,1-8-9-21-34,8,,1899163.85,0.0,1,8,9,21,34
2011-10-22,1074,10-17-25-30-33,3,,2276466.31,0.0,10,17,25,30,33
2011-10-27,1075,19-23-25-30-33,2,,2540729.69,0.0,19,23,25,30,33
2011-10-29,1076,2-3-6-10-12,1,,2800000.0,0.0,2,3,6,10,12
2011-11-02,1077,4-5-8-21-35,8,,3200000.0,0.0,4,5,8,21,35
2011-11-05,1078,4-9-10-14-33,4,,3775518.19,0.0,4,9,10,14,33
2011-11-09,1079,8-12-16-18-30,2,,4189115.65,0.0,8,12,16,18,30
2011-11-12,1080,10-14-23-29-35,10,,4761627.62,0.0,10,14,23,29,35
2011-11-16,1081,3-15-29-30-34,10,,5371162.82,0.0,3,15,29,30,34
2011-11-19,1082,4-5-6-11-23,10,,6135489.17,1.0,4,5,6,11,23
2011-11-23,1083,1-9-10-23-34,4,,1000000.0,0.0,1,9,10,23,34
2011-11-26,1084,2-9-13-29-32,10,,1000000.0,1.0,2,9,13,29,32
2011-11-30,1085,1-13-21-27-34,7,,1000000.0,0.0,1,13,21,27,34
2011-12-03,1086,1-15-16-19-30,4,,1000000.0,0.0,1,15,16,19,30
2011-12-07,1087,9-14-18-19-33,2,,1000000.0,0.0,9,14,18,19,33
2011-12-10,1088,1-4-24-28-32,6,,1298418.74,1.0,1,4,24,28,32
2011-12-14,1089,3-12-16-21-28,7,,1000000.0,0.0,3,12,16,21,28
2011-12-17,1090,1-2-6-22-32,4,,1000000.0,1.0,1,2,6,22,32
2011-12-21,1091,2-6-17-29-32,3,,1000000.0,0.0,2,6,17,29,32
2011-12-24,1092,6-13-24-30-35,1,,1000000.0,0.0,6,13,24,30,35
2011-12-28,1093,13-15-26-32-36,8,,1000000.0,0.0,13,15,26,32,36
2011-12-31,1094,4-7-18-22-35,5,,1322809.46,0.0,4,7,18,22,35
2012-01-04,1095,1-9-13-17-24,6,,1601327.43,0.0,1,9,13,17,24
2012-01-07,1096,7-11-15-16-20,1,,1961453.02,0.0,7,11,15,16,20
2012-01-11,1097,9-15-20-22-25,10,,2276149.41,1.0,9,15,20,22,25
2012-01-14,1098,3-23-25-28-30,5,,1000000.0,0.0,3,23,25,28,30
2012-01-18,1099,2-9-15-24-27,6,,1100000.0,0.0,2,9,15,24,27
2012-01-21,1100,15-18-25-31-34,1,,1200000.0,0.0,15,18,25,31,34
2012-01-25,1101,3-6-7-22-28,8,,1185495.97,0.0,3,6,7,22,28
2012-01-28,1102,15-17-21-26-36,10,,1550421.57,1.0,15,17,21,26,36
2012-02-01,1103,9-16-22-35-36,6,,1000000.0,0.0,9,16,22,35,36
2012-02-04,1104,1-3-10-17-27,10,,1000000.0,0.0,1,3,10,17,27
2012-02-08,1105,14-18-27-28-35,10,,1200000.0,0.0,14,18,27,28,35
2012-02-11,1106,13-25-30-33-34,7,,1287121.42,0.0,13,25,30,33,34
2012-02-15,1107,1-5-9-27-30,10,,1598146.0,0.0,1,5,9,27,30
2012-02-18,1108,10-15-28-29-31,4,,1998756.36,0.0,10,15,28,29,31
2012-02-22,1109,4-14-17-21-25,9,,2260217.74,0.0,4,14,17,21,25
2012-02-25,1110,2-11-20-25-35,7,,2743383.22,0.0,2,11,20,25,35
2012-02-29,1111,4-7-20-27-34,6,,3253910.64,0.0,4,7,20,27,34
2012-03-03,1112,1-16-20-21-28,8,,3.0,1.0,1,16,20,21,28
2012-03-07,1113,8-9-11-19-24,6,,,,8,9,11,19,24
2012-03-10,1114,13-14-26-32-35,1,,,,13,14,26,32,35
2012-03-14,1115,3-4-7-24-29,5,,1000000.0,0.0,3,4,7,24,29
2012-03-17,1116,20-21-22-23-27,2,,1100000.0,0.0,20,21,22,23,27
2012-03-21,1117,6-14-15-18-27,3,,1000000.0,0.0,6,14,15,18,27
2012-03-24,1118,1-6-20-33-36,8,,1366120.44,0.0,1,6,20,33,36
2012-03-28,1119,10-18-23-34-35,9,,1704978.69,0.0,10,18,23,34,35
2012-03-31,1120,5-12-18-30-34,8,,2.0,0.0,5,12,18,30,34
2012-04-04,1121,1-14-19-25-36,9,,2.0,2.0,1,14,19,25,36
2012-04-07,1122,7-13-14-15-31,8,,337746.14,0.0,7,13,14,15,31
2012-04-11,1123,8-10-13-23-29,9,,,,8,10,13,23,29
2012-04-14,1124,14-18-24-31-36,2,,,,14,18,24,31,36
2012-04-18,1125,2-25-26-32-36,6,,1303885.6,0.0,2,25,26,32,36
2012-04-21,1126,12-16-23-31-33,2,,1.0,0.0,12,16,23,31,33
2012-04-25,1127,4-9-10-15-22,6,,2096377.39,0.0,4,9,10,15,22
2012-04-28,1128,1-7-19-21-27,10,,2.0,1.0,1,7,19,21,27
2012-05-02,1129,7-10-15-24-32,7,,,,7,10,15,24,32
2012-05-05,1130,5-7-16-17-24,4,,1000000.0,0.0,5,7,16,17,24
2012-05-09,1131,4-6-14-16-35,1,,1000000.0,0.0,4,6,14,16,35
2012-05-12,1132,1-21-24-26-33,6,,1376598.29,0.0,1,21,24,26,33
2012-05-16,1133,10-11-18-19-20,2,,1717301.41,0.0,10,11,18,19,20
2012-05-19,1134,3-8-19-21-35,8,,2155781.86,0.0,3,8,19,21,35
2012-05-23,1135,2-14-18-20-33,1,,2400000.0,1.0,2,14,18,20,33
2012-05-26,1136,1-4-13-23-27,8,,,,1,4,13,23,27
2012-05-30,1137,6-16-17-19-31,7,,1000000.0,0.0,6,16,17,19,31
2012-06-02,1138,1-2-8-32-33,2,,,,1,2,8,32,33
2012-06-06,1139,10-11-12-26-33,1,,1.0,0.0,10,11,12,26,33
2012-06-09,1140,3-11-24-26-28,2,,1689974.79,0.0,3,11,24,26,28
2012-06-13,1141,2-12-13-26-28,5,,2.0,0.0,2,12,13,26,28
2012-06-16,1142,6-10-12-33-34,10,,2.0,0.0,6,10,12,33,34
2012-06-20,1143,5-19-22-29-30,8,,2957656.16,0.0,5,19,22,29,30
2012-06-23,1144,12-27-28-31-32,5,,3528416.88,0.0,12,27,28,31,32
2012-06-27,1145,2-11-20-22-25,5,,4122482.98,0.0,2,11,20,22,25
2012-06-30,1146,5-6-7-20-27,2,,4893618.76,0.0,5,6,7,20,27
2012-07-04,1147,4-14-30-32-35,7,,5722552.74,0.0,4,14,30,32,35
2012-07-07,1148,16-19-26-29-34,3,,6757001.02,1.0,16,19,26,29,34
2012-07-11,1149,4-18-23-32-36,6,,1000000.0,0.0,4,18,23,32,36
2012-07-14,1150,1-8-19-22-31,4,,1000000.0,0.0,1,8,19,22,31
2012-07-18,1151,8-15-21-22-30,8,,1000000.0,0.0,8,15,21,22,30
2012-07-21,1152,2-17-18-28-34,10,,1390216.12,0.0,2,17,18,28,34
2012-07-25,1153,3-4-10-16-33,10,,1706468.46,0.0,3,4,10,16,33
2012-07-28,1154,14-16-31-33-34,7,,2137845.81,0.0,14,16,31,33,34
2012-08-01,1155,10-12-13-34-35,3,,2480073.78,1.0,10,12,13,34,35
2012-08-04,1156,12-24-29-32-36,2,,1000000.0,0.0,12,24,29,32,36
2012-08-08,1157,8-9-29-30-32,2,,1000000.0,0.0,8,9,29,30,32
2012-08-11,1158,2-11-28-32-36,10,,1000000.0,0.0,2,11,28,32,36
2012-08-15,1159,2-11-14-25-30,5,,1290042.62,1.0,2,11,14,25,30
2012-08-18,1160,4-7-15-26-35,3,,1000000.0,0.0,4,7,15,26,35
2012-08-22,1161,4-10-23-27-29,3,,1000000.0,0.0,4,10,23,27,29
2012-08-25,1162,16-24-25-31-36,10,,,,16,24,25,31,36
2012-08-29,1163,1-5-20-22-36,3,,1000000.0,0.0,1,5,20,22,36
2012-09-01,1164,2-6-33-35-36,8,,1000000.0,0.0,2,6,33,35,36
2012-09-05,1165,2-13-17-20-31,7,,1000000.0,0.0,2,13,17,20,31
2012-09-08,1166,3-6-12-17-33,6,,1306717.5,0.0,3,6,12,17,33
2012-09-12,1167,16-17-19-20-22,1,,1629305.93,1.0,16,17,19,20,22
2012-09-15,1168,9-15-17-26-31,7,,1000000.0,0.0,9,15,17,26,31
2012-09-19,1169,1-5-22-25-28,3,,1010193.79,0.0,1,5,22,25,28
2012-09-22,1170,10-23-25-32-35,9,,1681487.0,0.0,10,23,25,32,35
2012-09-26,1171,1-5-14-26-29,3,,2233295.15,0.0,1,5,14,26,29
2012-09-29,1172,17-22-26-32-35,7,,3013033.39,0.0,17,22,26,32,35
2012-10-03,1173,3-6-15-17-24,6,,3823207.93,0.0,3,6,15,17,24
2012-10-06,1174,2-9-13-14-21,1,,4896693.41,0.0,2,9,13,14,21
2012-10-10,1175,11-12-14-21-31,4,,6002162.21,0.0,11,12,14,21,31
2012-10-13,1176,3-7-10-13-27,9,,7686576.78,0.0,3,7,10,13,27
2012-10-17,1177,6-8-18-19-33,5,,9436212.61,0.0,6,8,18,19,33
2012-10-20,1178,17-26-28-31-35,9,,11922881.27,0.0,17,26,28,31,35
2012-10-24,1179,2-3-17-27-34,9,,16792226.96,1.0,2,3,17,27,34
2012-10-27,1180,5-8-17-27-31,10,,2000000.0,0.0,5,8,17,27,31
2012-10-31,1181,14-15-19-25-29,2,,1129071.52,2.0,14,15,19,25,29
2012-11-03,1182,5-11-15-31-35,5,,2000000.0,0.0,5,11,15,31,35
2012-11-07,1183,1-11-24-29-33,9,,2100000.0,0.0,1,11,24,29,33
2012-11-10,1184,7-12-16-18-28,10,,1651451.34,0.0,7,12,16,18,28
2012-11-14,1185,10-15-19-25-26,3,,2065961.06,0.0,10,15,19,25,26
2012-11-17,1186,2-19-30-33-34,7,,2636566.26,0.0,2,19,30,33,34
2012-11-21,1187,2-11-15-20-27,2,,3115912.64,0.0,2,11,15,20,27
2012-11-24,1188,1-15-16-18-32,6,,3692819.08,0.0,1,15,16,18,32
2012-11-28,1189,5-18-19-24-29,9,,4257282.28,0.0,5,18,19,24,29
2012-12-01,1190,20-26-28-32-34,8,,4987528.04,0.0,20,26,28,32,34
2012-12-05,1191,7-15-16-24-32,5,,5649713.5,0.0,7,15,16,24,32
2012-12-08,1192,3-16-25-26-33,8,,6429228.38,0.0,3,16,25,26,33
2012-12-12,1193,7-14-15-19-23,4,,7229042.0,0.0,7,14,15,19,23
2012-12-15,1194,3-5-13-26-32,8,,8184978.48,0.0,3,5,13,26,32
2012-12-19,1195,13-14-23-29-34,7,,9206565.62,1.0,13,14,23,29,34
2012-12-22,1196,22-24-27-29-30,10,,,,22,24,27,29,30
2012-12-26,1197,8-10-11-21-29,4,,2000000.0,0.0,8,10,11,21,29
2012-12-29,1198,11-15-18-22-26,1,,2000000.0,0.0,11,15,18,22,26
2013-01-02,1199,3-6-7-15-19,4,,2000000.0,0.0,3,6,7,15,19
2013-01-05,1200,3-15-27-28-30,4,,2362994.49,0.0,3,15,27,28,30
2013-01-09,1201,8-13-26-30-31,6,,2810028.83,0.0,8,13,26,30,31
2013-01-12,1202,8-13-17-20-23,4,,3357092.08,0.0,8,13,17,20,23
2013-01-16,1203,16-18-25-27-30,4,,3871455.02,0.0,16,18,25,27,30
2013-01-19,1204,13-16-20-28-33,1,,4511959.8,0.0,13,16,20,28,33
2013-01-23,1205,5-8-9-17-34,6,,5138599.28,0.0,5,8,9,17,34
2013-01-26,1206,4-8-19-31-35,3,,5934128.36,0.0,4,8,19,31,35
2013-01-30,1207,4-26-30-31-34,2,,6729930.95,1.0,4,26,30,31,34
2013-02-02,1208,4-17-24-28-34,5,,2000000.0,0.0,4,17,24,28,34
2013-02-06,1209,3-9-12-28-29,8,,2000000.0,0.0,3,9,12,28,29
2013-02-09,1210,7-8-18-24-30,7,,2000000.0,0.0,7,8,18,24,30
2013-02-13,1211,8-11-16-32-33,8,,2000000.0,0.0,8,11,16,32,33
2013-02-16,1212,1-26-27-30-33,10,,2278832.16,0.0,1,26,27,30,33
2013-02-20,1213,3-9-30-31-32,3,,2727997.63,0.0,3,9,30,31,32
2013-02-23,1214,11-18-27-33-35,3,,3305547.78,0.0,11,18,27,33,35
2013-02-27,1215,1-8-10-24-28,9,,3838350.11,0.0,1,8,10,24,28
2013-03-02,1216,5-9-18-30-35,9,,4551471.43,0.0,5,9,18,30,35
2013-03-06,1217,10-15-20-25-34,10,,5237589.26,0.0,10,15,20,25,34
2013-03-09,1218,8-10-12-24-32,3,,6102083.24,1.0,8,10,12,24,32
2013-03-13,1219,11-24-28-30-31,9,,2000000.0,0.0,11,24,28,30,31
2013-03-16,1220,1-3-15-28-29,8,,2000000.0,0.0,1,3,15,28,29
2013-03-20,1221,5-16-20-22-29,8,,2000000.0,0.0,5,16,20,22,29
2013-03-23,1222,6-7-9-12-32,7,,2000000.0,0.0,6,7,9,12,32
2013-03-27,1223,13-17-25-28-32,1,,2313983.18,0.0,13,17,25,28,32
2013-04-03,1224,13-14-16-19-28,7,,2867208.96,0.0,13,14,16,19,28
2013-04-06,1225,4-5-9-22-30,7,,3469066.43,0.0,4,5,9,22,30
2013-04-10,1226,7-13-25-26-27,7,,4060964.04,0.0,7,13,25,26,27
2013-04-13,1227,6-15-18-26-32,8,,4777454.13,0.0,6,15,18,26,32
2013-04-17,1228,4-7-10-20-33,5,,5500000.0,0.0,4,7,10,20,33
2013-04-20,1229,10-11-19-25-26,9,,6402100.9,0.0,10,11,19,25,26
2013-04-24,1230,1-13-16-29-35,6,,7310224.44,0.0,1,13,16,29,35
2013-04-27,1231,10-11-12-28-34,3,,8444705.56,0.0,10,11,12,28,34
2013-05-01,1232,5-14-16-22-30,1,,9983700.1,0.0,5,14,16,22,30
2013-05-04,1233,1-6-22-25-27,7,,11780254.01,0.0,1,6,22,25,27
2013-05-08,1234,1-12-15-24-29,5,,13801306.86,0.0,1,12,15,24,29
2013-05-11,1235,7-9-10-14-27,4,,16144355.46,0.0,7,9,10,14,27
2013-05-15,1236,3-15-19-25-32,9,,20398318.17,1.0,3,15,19,25,32
2013-05-18,1237,2-3-7-9-24,6,,2000000.0,0.0,2,3,7,9,24
2013-05-22,1238,7-11-13-25-26,10,,2000000.0,0.0,7,11,13,25,26
2013-05-25,1239,2-11-14-25-34,6,,2000000.0,0.0,2,11,14,25,34
2013-05-29,1240,4-9-12-14-31,8,,2102374.29,0.0,4,9,12,14,31
2013-06-01,1241,25-29-30-31-34,7,,2630065.81,0.0,25,29,30,31,34
2013-06-05,1242,4-18-26-29-33,6,,3178748.37,0.0,4,18,26,29,33
2013-06-08,1243,7-16-25-26-35,5,,3819653.48,0.0,7,16,25,26,35
2013-06-12,1244,2-5-15-26-30,9,,4400713.86,0.0,2,5,15,26,30
2013-06-15,1245,12-14-17-27-32,6,,5133415.1,1.0,12,14,17,27,32
2013-06-19,1246,3-5-11-21-28,9,,2000000.0,0.0,3,5,11,21,28
2013-06-22,1247,1-7-12-26-33,10,,2000000.0,0.0,1,7,12,26,33
2013-06-26,1248,5-20-22-26-33,1,,2000000.0,0.0,5,20,22,26,33
2013-06-29,1249,3-12-20-29-34,1,,2000000.0,0.0,3,12,20,29,34
2013-07-03,1250,12-17-19-27-34,3,,2312503.93,0.0,12,17,19,27,34
2013-07-06,1251,2-4-7-10-13,7,,2850717.58,0.0,2,4,7,10,13
2013-07-10,1252,4-5-14-19-27,3,,3315641.36,0.0,4,5,14,19,27
2013-07-13,1253,5-8-10-18-22,8,,3916551.87,0.0,5,8,10,18,22
2013-07-17,1254,6-12-18-22-31,10,,4512936.14,1.0,6,12,18,22,31
2013-07-20,1255,5-6-11-12-34,6,,2000000.0,0.0,5,6,11,12,34
2013-07-24,1256,2-7-9-16-22,9,,2000000.0,0.0,2,7,9,16,22
2013-07-27,1257,3-4-8-21-32,6,,2000000.0,0.0,3,4,8,21,32
2013-07-31,1258,1-5-13-19-32,5,,2000000.0,0.0,1,5,13,19,32
2013-08-03,1259,11-12-20-25-31,2,,2337526.02,0.0,11,12,20,25,31
2013-08-07,1260,23-26-28-31-34,4,,2807623.74,0.0,23,26,28,31,34
2013-08-10,1261,3-19-20-24-29,6,,3349391.78,0.0,3,19,20,24,29
2013-08-14,1262,5-10-11-31-32,10,,3877941.82,0.0,5,10,11,31,32
2013-08-17,1263,2-14-24-25-28,6,,4546800.1,0.0,2,14,24,25,28
2013-08-21,1264,14-15-25-27-29,10,,5166943.04,0.0,14,15,25,27,29
2013-08-24,1265,14-20-23-29-33,2,,5961916.76,1.0,14,20,23,29,33
2013-08-28,1266,3-24-26-29-34,7,,2000000.0,0.0,3,24,26,29,34
2013-08-31,1267,1-6-13-23-33,4,,2000000.0,0.0,1,6,13,23,33
2013-09-04,1268,1-6-23-32-35,6,,2000000.0,0.0,1,6,23,32,35
2013-09-07,1269,13-15-26-33-34,1,,2000000.0,0.0,13,15,26,33,34
2013-09-11,1270,4-7-18-21-31,7,,2252201.18,0.0,4,7,18,21,31
2013-09-14,1271,4-13-19-22-23,6,,2818175.17,0.0,4,13,19,22,23
2013-09-18,1272,5-14-24-29-33,3,,3303478.09,0.0,5,14,24,29,33
2013-09-21,1273,6-9-14-21-25,8,,3935598.06,1.0,6,9,14,21,25
2013-09-25,1274,17-19-28-32-34,7,,2000000.0,0.0,17,19,28,32,34
2013-09-28,1275,9-13-14-22-30,4,,2000000.0,0.0,9,13,14,22,30
2013-10-02,1276,3-12-17-32-35,4,,2000000.0,0.0,3,12,17,32,35
2013-10-05,1277,4-8-9-23-29,2,,2000000.0,0.0,4,8,9,23,29
2013-10-09,1278,1-12-19-21-33,8,,2222395.14,0.0,1,12,19,21,33
2013-10-12,1279,3-8-9-29-30,8,,2766715.65,1.0,3,8,9,29,30
2013-10-16,1280,7-9-11-14-34,1,,,,7,9,11,14,34
2013-10-19,1281,1-7-8-20-28,2,,2000000.0,0.0,1,7,8,20,28
2013-10-23,1282,15-24-29-31-34,2,,2000000.0,0.0,15,24,29,31,34
2013-10-26,1283,9-10-15-19-24,1,,,,9,10,15,19,24
2013-10-30,1284,4-14-16-22-26,10,,2.0,0.0,4,14,16,22,26
2013-11-06,1285,4-12-20-21-29,8,,2792566.31,1.0,4,12,20,21,29
2013-11-09,1286,10-13-14-18-34,8,,2000000.0,0.0,10,13,14,18,34
2013-11-13,1287,7-9-13-14-19,6,,,,7,9,13,14,19
2013-11-16,1288,7-9-14-17-26,5,,,,7,9,14,17,26
2013-11-20,1289,13-15-23-25-34,5,,2000000.0,0.0,13,15,23,25,34
2013-11-23,1290,6-12-14-22-35,3,,2249776.62,0.0,6,12,14,22,35
2013-11-27,1291,2-3-10-23-26,7,,2706310.36,0.0,2,3,10,23,26
2013-11-30,1292,15-19-20-23-24,7,,3302566.97,0.0,15,19,20,23,24
2013-12-04,1293,2-16-21-26-27,8,,3835851.11,0.0,2,16,21,26,27
2013-12-07,1294,5-6-14-15-34,2,,4498934.16,0.0,5,6,14,15,34
2013-12-11,1295,11-13-17-21-28,10,,5171400.05,0.0,11,13,17,21,28
2013-12-14,1296,8-15-17-18-30,1,,6046511.11,0.0,8,15,17,18,30
2013-12-18,1297,9-13-15-18-29,2,,6997480.04,0.0,9,13,15,18,29
2013-12-21,1298,9-22-25-27-32,4,,8205698.96,0.0,9,22,25,27,32
2013-12-28,1299,5-7-8-13-15,1,,10189762.12,1.0,5,7,8,13,15
2014-01-01,1300,1-7-14-17-29,1,,2000000.0,0.0,1,7,14,17,29
2014-01-04,1301,8-9-17-30-32,9,,2000000.0,0.0,8,9,17,30,32
2014-01-08,1302,6-12-13-21-24,8,,,,6,12,13,21,24
2014-01-11,1303,8-16-28-29-33,3,,,,8,16,28,29,33
2014-01-15,1304,2-9-17-23-33,2,,2280844.37,0.0,2,9,17,23,33
2014-01-18,1305,15-19-23-29-33,9,,2864111.28,0.0,15,19,23,29,33
2014-01-22,1306,2-4-6-20-35,10,,3352926.81,1.0,2,4,6,20,35
2014-01-25,1307,6-12-14-30-34,4,,,,6,12,14,30,34
2014-01-29,1308,1-10-11-28-29,10,,,,1,10,11,28,29
2014-02-01,1309,3-10-11-16-26,9,,2000000.0,0.0,3,10,11,16,26
2014-02-05,1310,5-17-23-24-35,5,,2000000.0,0.0,5,17,23,24,35
2014-02-08,1311,5-12-19-24-28,9,,2432095.78,0.0,5,12,19,24,28
2014-02-12,1312,4-11-15-20-33,9,,2884034.62,0.0,4,11,15,20,33
2014-02-15,1313,4-14-22-25-27,1,,3456487.4,0.0,4,14,22,25,27
2014-02-19,1314,1-8-10-20-28,1,,3977685.42,0.0,1,8,10,20,28
2014-02-22,1315,11-20-24-27-33,8,,4633921.36,0.0,11,20,24,27,33
2014-02-26,1316,3-13-30-34-35,1,,5294036.7,0.0,3,13,30,34,35
2014-03-01,1317,1-7-11-32-35,5,,6142856.75,0.0,1,7,11,32,35
2014-03-05,1318,5-13-21-24-26,8,,6788752.0,0.0,5,13,21,24,26
2014-03-08,1319,8-14-18-28-32,1,,7927714.44,0.0,8,14,18,28,32
2014-03-12,1320,4-9-25-33-35,4,,9168371.84,0.0,4,9,25,33,35
2014-03-15,1321,2-11-20-30-32,8,,10870296.32,0.0,2,11,20,30,32
2014-03-19,1322,16-17-18-21-31,4,,12641038.69,0.0,16,17,18,21,31
2014-03-22,1323,3-7-15-19-28,8,,14766931.88,0.0,3,7,15,19,28
2014-03-26,1324,1-7-14-26-33,3,,17058164.71,1.0,1,7,14,26,33
2014-03-29,1325,9-15-22-28-30,8,,2000000.0,0.0,9,15,22,28,30
2014-04-02,1326,4-12-13-15-18,2,,,,4,12,13,15,18
2014-04-05,1327,10-17-20-25-26,5,,2000000.0,0.0,10,17,20,25,26
2014-04-09,1328,15-17-18-19-21,10,,2010896.81,0.0,15,17,18,19,21
2014-04-12,1329,9-15-18-29-35,5,,2569359.88,0.0,9,15,18,29,35
2014-04-16,1330,4-10-12-27-28,7,,3085387.78,0.0,4,10,12,27,28
2014-04-19,1331,1-12-17-25-31,5,,3635173.16,0.0,1,12,17,25,31
2014-04-23,1332,4-10-23-26-34,1,,4170827.34,0.0,4,10,23,26,34
2014-04-26,1333,1-5-12-29-33,1,,4897866.19,0.0,1,5,12,29,33
2014-04-30,1334,3-4-31-34-35,8,,5578766.12,0.0,3,4,31,34,35
2014-05-03,1335,8-12-24-29-34,7,,6403445.45,0.0,8,12,24,29,34
2014-05-07,1336,17-22-26-29-32,7,,7168144.39,0.0,17,22,26,29,32
2014-05-10,1337,10-12-24-29-35,1,,8135029.65,0.0,10,12,24,29,35
2014-05-14,1338,6-8-13-18-32,3,,9136569.4,0.0,6,8,13,18,32
2014-05-17,1339,3-4-5-8-25,2,,10335869.34,0.0,3,4,5,8,25
2014-05-21,1340,5-11-15-18-22,6,,11449289.78,0.0,5,11,15,18,22
2014-05-24,1341,2-6-10-15-32,10,,12807483.0,0.0,2,6,10,15,32
2014-05-28,1342,3-16-25-29-31,4,,14220064.79,0.0,3,16,25,29,31
2014-05-31,1343,7-11-15-20-30,4,,15918316.74,1.0,7,11,15,20,30
2014-06-04,1344,4-8-11-25-35,8,,,,4,8,11,25,35
2014-06-07,1345,1-7-20-31-32,8,,2000000.0,0.0,1,7,20,31,32
2014-06-11,1346,12-25-30-31-32,4,,2000000.0,0.0,12,25,30,31,32
2014-06-14,1347,3-6-15-28-29,1,,2000000.0,0.0,3,6,15,28,29
2014-06-18,1348,9-11-15-20-29,6,,2375808.81,0.0,9,11,15,20,29
2014-06-21,1349,15-19-23-28-29,8,,2866561.18,0.0,15,19,23,28,29
2014-06-25,1350,1-20-22-33-34,8,,3334315.25,0.0,1,20,22,33,34
2014-06-28,1351,3-13-16-30-31,6,,3964883.42,0.0,3,13,16,30,31
2014-07-02,1352,13-20-28-29-30,5,,4518839.8,0.0,13,20,28,29,30
2014-07-05,1353,9-13-16-29-30,4,,5198909.35,0.0,9,13,16,29,30
2014-07-09,1354,1-3-14-21-23,6,,5791038.91,0.0,1,3,14,21,23
2014-07-12,1355,2-13-19-28-33,8,,6581242.56,0.0,2,13,19,28,33
2014-07-16,1356,17-21-25-29-34,4,,7344971.65,0.0,17,21,25,29,34
2014-07-19,1357,3-18-21-25-33,2,,8240242.94,0.0,3,18,21,25,33
2014-07-23,1358,5-13-22-25-35,2,,9174727.6,0.0,5,13,22,25,35
2014-07-26,1359,2-4-5-17-34,9,,10312591.01,0.0,2,4,5,17,34
2014-07-30,1360,5-12-15-19-31,10,,11260123.72,0.0,5,12,15,19,31
2014-08-02,1361,3-8-10-12-13,8,,12570699.5,0.0,3,8,10,12,13
2014-08-06,1362,7-17-20-25-33,4,,14008575.38,1.0,7,17,20,25,33
2014-08-09,1363,12-16-18-24-28,5,,,,12,16,18,24,28
2014-08-13,1364,4-12-22-23-25,5,,2000000.0,0.0,4,12,22,23,25
2014-08-16,1365,5-6-7-11-29,6,,,,5,6,7,11,29
2014-08-20,1366,6-10-23-34-35,7,,2000000.0,0.0,6,10,23,34,35
2014-08-23,1367,1-6-8-10-34,8,,2431780.8,0.0,1,6,8,10,34
2014-08-27,1368,7-14-18-19-23,9,,2887858.21,0.0,7,14,18,19,23
2014-08-30,1369,9-13-20-30-31,9,,3502394.01,0.0,9,13,20,30,31
2014-09-03,1370,2-7-26-27-34,1,,4017833.69,0.0,2,7,26,27,34
2014-09-06,1371,12-18-25-26-29,10,,4673268.33,0.0,12,18,25,26,29
2014-09-10,1372,7-10-19-31-34,6,,5248600.96,1.0,7,10,19,31,34
2014-09-13,1373,7-24-25-28-32,4,,,,7,24,25,28,32
2014-09-17,1374,8-22-29-32-35,4,,,,8,22,29,32,35
2014-09-20,1375,12-23-25-26-35,10,,2000000.0,0.0,12,23,25,26,35
2014-09-24,1376,13-19-31-32-33,7,,2000000.0,0.0,13,19,31,32,33
2014-09-27,1377,4-8-9-12-27,5,,2250363.88,1.0,4,8,9,12,27
2014-10-01,1378,6-8-12-23-32,6,,2000000.0,0.0,6,8,12,23,32
2014-10-04,1379,4-7-19-31-35,6,,,,4,7,19,31,35
2014-10-08,1380,1-9-17-28-33,10,,1241707.26,0.0,1,9,17,28,33
2014-10-11,1381,5-17-23-24-34,8,,2000000.0,0.0,5,17,23,24,34
2014-10-15,1382,11-15-27-30-34,5,,2127022.29,0.0,11,15,27,30,34
2014-10-18,1383,2-18-26-29-32,2,,2656610.28,0.0,2,18,26,29,32
2014-10-22,1384,9-25-31-33-34,9,,3099681.74,0.0,9,25,31,33,34
2014-10-25,1385,9-14-20-24-32,7,,3658773.23,0.0,9,14,20,24,32
2014-10-29,1386,8-19-21-32-34,5,,4153658.48,0.0,8,19,21,32,34
2014-11-01,1387,1-9-12-15-30,10,,4826800.02,0.0,1,9,12,15,30
2014-11-05,1388,3-4-8-26-35,2,,5414177.8,0.0,3,4,8,26,35
2014-11-08,1389,2-7-22-23-32,10,,6159540.42,0.0,2,7,22,23,32
2014-11-12,1390,2-24-29-32-33,5,,6836823.28,0.0,2,24,29,32,33
2014-11-15,1391,17-22-27-28-34,6,,7710062.04,0.0,17,22,27,28,34
2014-11-19,1392,2-4-10-22-34,9,,8584821.28,0.0,2,4,10,22,34
2014-11-22,1393,7-8-18-23-30,10,,9671817.28,0.0,7,8,18,23,30
2014-11-26,1394,14-18-24-29-34,9,,10749754.02,1.0,14,18,24,29,34
2014-11-29,1395,8-9-14-15-16,7,,,,8,9,14,15,16
2014-12-03,1396,7-9-14-31-35,7,,2000000.0,0.0,7,9,14,31,35
2014-12-06,1397,6-18-20-29-35,4,,2000000.0,0.0,6,18,20,29,35
2014-12-10,1398,2-3-14-19-29,3,,,,2,3,14,19,29
2014-12-13,1399,4-20-29-30-32,5,,2445400.25,0.0,4,20,29,30,32
2014-12-17,1400,1-14-24-29-35,5,,2887228.11,0.0,1,14,24,29,35
2014-12-20,1401,4-13-19-24-28,2,,3489417.32,0.0,4,13,19,24,28
2014-12-24,1402,9-12-18-21-24,1,,,,9,12,18,21,24
2014-12-27,1403,1-18-19-20-22,10,,4701420.97,0.0,1,18,19,20,22
2014-12-31,1404,0-0-0-0-0,0,,,,0,0,0,0,0
2015-01-03,1405,4-9-15-25-27,10,,6221306.98,0.0,4,9,15,25,27
2015-01-07,1406,5-25-30-32-33,10,,6934248.06,0.0,5,25,30,32,33
2015-01-10,1407,13-21-27-32-35,6,,7807386.75,0.0,13,21,27,32,35
2015-01-14,1408,5-6-27-33-34,6,,8661349.52,0.0,5,6,27,33,34
2015-01-17,1409,2-5-11-18-27,10,,9836190.83,0.0,2,5,11,18,27
2015-01-21,1410,5-22-23-31-32,3,,10874054.8,0.0,5,22,23,31,32
2015-01-24,1411,2-7-13-25-29,3,,12205414.0,0.0,2,7,13,25,29
2015-01-28,1412,1-24-26-31-34,6,,13477352.2,0.0,1,24,26,31,34
2015-01-31,1413,11-15-22-31-35,1,,15138629.9,0.0,11,15,22,31,35
2015-02-04,1414,19-22-25-32-34,5,,16894777.7,1.0,19,22,25,32,34
2015-02-07,1415,5-14-23-30-33,8,,2000000.0,0.0,5,14,23,30,33
2015-02-11,1416,3-4-5-16-28,7,,2000000.0,0.0,3,4,5,16,28
2015-02-14,1417,20-21-22-26-32,1,,2000000.0,0.0,20,21,22,26,32
2015-02-18,1418,1-22-24-30-34,4,,2000000.0,0.0,1,22,24,30,34
2015-02-21,1419,6-11-13-17-29,5,,2326505.95,0.0,6,11,13,17,29
2015-02-25,1420,10-12-26-31-35,10,,2797178.31,0.0,10,12,26,31,35
2015-02-28,1421,1-8-13-15-23,6,,3000000.0,0.0,1,8,13,15,23
2015-03-04,1422,7-11-13-19-31,4,,3000000.0,0.0,7,11,13,19,31
2015-03-07,1423,1-4-5-6-30,5,,4000000.0,0.0,1,4,5,6,30
2015-03-11,1424,4-15-18-19-28,4,,4000000.0,0.0,4,15,18,19,28
2015-03-14,1425,3-5-13-17-34,10,,5982661.19,0.0,3,5,13,17,34
2015-03-18,1426,1-2-18-27-30,7,,6694832.9,1.0,1,2,18,27,30
2015-03-21,1427,6-20-26-27-35,8,,2000000.0,0.0,6,20,26,27,35
2015-03-25,1428,9-13-17-21-33,10,,2000000.0,0.0,9,13,17,21,33
2015-03-28,1429,8-12-14-17-21,8,,2000000.0,0.0,8,12,14,17,21
2015-04-01,1430,1-7-21-25-35,3,,2000000.0,0.0,1,7,21,25,35
2015-04-04,1431,4-14-16-29-33,10,,2372848.59,0.0,4,14,16,29,33
2015-04-08,1432,2-9-12-29-34,3,,2829568.05,0.0,2,9,12,29,34
2015-04-11,1433,3-6-18-32-35,5,,3397703.98,0.0,3,6,18,32,35
2015-04-15,1434,3-15-20-24-31,5,,3925651.82,0.0,3,15,20,24,31
2015-04-18,1435,8-11-15-18-28,8,,4572198.95,1.0,8,11,15,18,28
2015-04-23,1436,3-4-22-28-34,5,,2.0,0.0,3,4,22,28,34
2015-04-25,1437,4-5-19-23-33,6,,2000000.0,0.0,4,5,19,23,33
2015-04-29,1438,1-6-11-12-27,2,,2000000.0,0.0,1,6,11,12,27
2015-05-03,1439,4-14-21-28-35,10,,2.0,0.0,4,14,21,28,35
2015-05-06,1440,5-9-10-23-33,7,,2.0,0.0,5,9,10,23,33
2015-05-09,1441,11-19-22-27-32,4,,2820996.03,0.0,11,19,22,27,32
2015-05-13,1442,6-20-25-26-27,3,,3284752.5,0.0,6,20,25,26,27
2015-05-16,1443,2-12-23-27-30,3,,3.0,0.0,2,12,23,27,30
2015-05-20,1444,3-5-18-25-31,6,,4463826.3,0.0,3,5,18,25,31
2015-05-23,1445,8-12-13-20-28,8,,5152914.08,0.0,8,12,13,20,28
2015-05-27,1446,1-8-9-21-32,8,,5786569.44,1.0,1,8,9,21,32
2015-05-30,1447,1-11-24-25-31,2,,2000000.0,0.0,1,11,24,25,31
2015-06-03,1448,8-19-23-33-34,2,,2000000.0,0.0,8,19,23,33,34
2015-06-06,1449,1-5-16-29-35,6,,2000000.0,0.0,1,5,16,29,35
2015-06-11,1450,11-15-22-26-27,10,,2000000.0,0.0,11,15,22,26,27
2015-06-13,1451,14-19-24-29-32,9,,2350230.6,0.0,14,19,24,29,32
2015-06-17,1452,2-5-8-12-25,4,,2809840.79,0.0,2,5,8,12,25
2015-06-20,1453,1-3-6-18-33,3,,3310271.86,0.0,1,3,6,18,33
2015-06-24,1454,1-8-12-13-35,10,,3807453.71,0.0,1,8,12,13,35
2015-06-27,1455,2-11-16-30-34,2,,4.0,0.0,2,11,16,30,34
2015-07-01,1456,1-4-10-21-28,4,,5.0,0.0,1,4,10,21,28
2015-07-04,1457,7-12-19-27-34,5,,5820630.46,0.0,7,12,19,27,34
2015-07-08,1458,11-12-17-18-19,10,,6535962.67,0.0,11,12,17,18,19
2015-07-12,1459,5-9-16-17-31,1,,7.0,0.0,5,9,16,17,31
2015-07-16,1460,2-6-7-17-27,3,,8174346.41,0.0,2,6,7,17,27
2015-07-22,1461,2-3-6-14-32,9,,9478506.27,0.0,2,3,6,14,32
2015-07-25,1462,9-16-19-31-32,10,,10583581.02,0.0,9,16,19,31,32
2015-07-30,1463,3-5-8-17-26,1,,11723191.9,1.0,3,5,8,17,26
2015-08-01,1464,6-11-20-33-35,2,,2000000.0,0.0,6,11,20,33,35
2015-08-05,1465,4-19-20-23-29,5,,2000000.0,0.0,4,19,20,23,29
2015-08-08,1466,8-10-17-30-35,7,,2000000.0,0.0,8,10,17,30,35
2015-08-12,1467,2-4-10-11-25,2,,2000000.0,1.0,2,4,10,11,25
2015-08-15,1468,2-5-16-25-33,4,,2000000.0,0.0,2,5,16,25,33
2015-08-19,1469,4-21-29-33-35,1,,2000000.0,0.0,4,21,29,33,35
2015-08-22,1470,23-25-26-27-35,2,,2000000.0,0.0,23,25,26,27,35
2015-08-27,1471,15-17-20-23-30,5,,2000000.0,0.0,15,17,20,23,30
2015-08-29,1472,3-4-6-7-24,2,,2000000.0,0.0,3,4,6,7,24
2015-09-02,1473,3-6-21-29-34,5,,2358454.38,0.0,3,6,21,29,34
2015-09-05,1474,6-21-27-31-34,7,,2851865.0,0.0,6,21,27,31,34
2015-09-09,1475,4-6-9-23-26,8,,3278757.02,0.0,4,6,9,23,26
2015-09-12,1476,9-14-18-23-25,6,,3850242.66,0.0,9,14,18,23,25
2015-09-16,1477,1-3-7-15-33,6,,4375637.46,0.0,1,3,7,15,33
2015-09-19,1478,3-10-20-28-30,3,,5040154.97,0.0,3,10,20,28,30
2015-09-23,1479,3-7-11-17-28,10,,5613660.75,0.0,3,7,11,17,28
2015-09-26,1480,7-9-14-16-20,5,,6336946.73,0.0,7,9,14,16,20
2015-09-30,1481,3-7-9-12-26,8,,7082507.08,0.0,3,7,9,12,26
2015-10-03,1482,7-10-11-13-24,9,,8042511.06,0.0,7,10,11,13,24
2015-10-08,1483,2-7-11-28-29,6,,8974789.67,0.0,2,7,11,28,29
2015-10-10,1484,8-10-13-17-24,8,,10144169.8,0.0,8,10,13,17,24
2015-10-14,1485,3-4-21-26-31,5,,11295720.67,0.0,3,4,21,26,31
2015-10-17,1486,4-9-20-24-28,4,,12693997.41,0.0,4,9,20,24,28
2015-10-21,1487,1-11-13-30-34,7,,14055112.86,0.0,1,11,13,30,34
2015-10-25,1488,10-16-23-28-29,2,,15723575.46,0.0,10,16,23,28,29
2015-10-28,1489,6-22-23-25-29,2,,17701225.66,0.0,6,22,23,25,29
2015-10-31,1490,17-22-27-31-34,2,,20816901.65,0.0,17,22,27,31,34
2015-11-04,1491,9-21-23-25-30,4,,24379523.31,0.0,9,21,23,25,30
2015-11-07,1492,2-7-8-14-28,2,,28318386.82,0.0,2,7,8,14,28
2015-11-11,1493,8-12-19-26-33,8,,31946408.24,1.0,8,12,19,26,33
2015-11-15,1494,14-23-25-27-30,7,,2000000.0,0.0,14,23,25,27,30
2015-11-18,1495,3-11-12-22-34,6,,2000000.0,0.0,3,11,12,22,34
2015-11-21,1496,9-10-18-20-34,1,,2000000.0,0.0,9,10,18,20,34
2015-11-25,1497,13-16-26-32-33,6,,2074722.89,0.0,13,16,26,32,33
2015-11-29,1498,8-23-24-27-34,5,,2658738.06,0.0,8,23,24,27,34
2015-12-03,1499,6-16-18-30-32,10,,3196030.74,0.0,6,16,18,30,32
2015-12-05,1500,1-17-20-23-32,2,,3818239.27,0.0,1,17,20,23,32
2015-12-09,1501,3-12-16-17-29,3,,4383668.15,0.0,3,12,16,17,29
2015-12-13,1502,7-9-17-21-29,4,,5048666.68,1.0,7,9,17,21,29
2015-12-17,1503,10-13-19-25-26,9,,2000000.0,0.0,10,13,19,25,26
2015-12-19,1504,13-20-21-24-33,5,,2000000.0,0.0,13,20,21,24,33
2015-12-23,1505,17-23-25-27-28,7,,2000000.0,0.0,17,23,25,27,28
2015-12-26,1506,15-22-29-30-35,2,,2000000.0,0.0,15,22,29,30,35
2015-12-30,1507,2-7-16-26-35,5,,2237532.45,0.0,2,7,16,26,35
2016-01-02,1508,13-18-19-28-29,6,,2769209.51,0.0,13,18,19,28,29
2016-01-07,1509,20-34-7-12-5,3,,3289145.69,0.0,20,34,7,12,5
2016-01-09,1510,10-12-16-17-23,8,,3906500.26,0.0,10,12,16,17,23
2016-01-13,1511,7-16-18-26-29,9,,4483654.5,0.0,7,16,18,26,29
2016-01-16,1512,4-8-13-21-24,7,,5183901.0,0.0,4,8,13,21,24
2016-01-20,1513,3-8-10-15-30,4,,5797677.73,0.0,3,8,10,15,30
2016-01-23,1514,2-7-11-28-31,9,,6539510.5,0.0,2,7,11,28,31
2016-01-27,1515,2-3-6-12-25,10,,7266222.92,1.0,2,3,6,12,25
2016-01-31,1516,8-10-12-29-34,1,,2000000.0,0.0,8,10,12,29,34
2016-02-03,1517,6-8-17-19-28,7,,2000000.0,0.0,6,8,17,19,28
2016-02-06,1518,14-19-28-30-34,7,,2000000.0,0.0,14,19,28,30,34
2016-02-10,1519,2-4-7-15-31,10,,2000000.0,0.0,2,4,7,15,31
2016-02-13,1520,9-20-22-23-24,4,,2311701.53,0.0,9,20,22,23,24
2016-02-17,1521,13-19-20-22-28,2,,2802607.97,0.0,13,19,20,22,28
2016-02-20,1522,1-5-31-32-33,6,,3379729.96,0.0,1,5,31,32,33
2016-02-24,1523,4-7-8-31-34,6,,3916479.16,0.0,4,7,8,31,34
2016-02-28,1524,1-14-22-27-28,5,,4578316.26,0.0,1,14,22,27,28
2016-03-02,1525,5-7-20-33-34,7,,5209590.3,0.0,5,7,20,33,34
2016-03-05,1526,8-10-20-27-29,5,,5960361.15,0.0,8,10,20,27,29
2016-03-09,1527,13-14-23-24-32,8,,6631324.49,0.0,13,14,23,24,32
2016-03-12,1528,9-14-17-24-31,2,,7474256.8,0.0,9,14,17,24,31
2016-03-16,1529,4-16-19-29-35,4,,8298106.79,0.0,4,16,19,29,35
2016-03-19,1530,16-21-28-29-33,6,,9307675.36,0.0,16,21,28,29,33
2016-03-23,1531,1-10-14-25-28,1,,10293319.24,0.0,1,10,14,25,28
2016-03-27,1532,7-13-14-23-32,1,,11324116.59,0.0,7,13,14,23,32
2016-04-02,1533,7-18-24-29-34,4,,12867594.09,0.0,7,18,24,29,34
2016-04-06,1534,9-13-14-22-33,3,,14153890.02,0.0,9,13,14,22,33
2016-04-09,1535,1-12-14-17-35,5,,15623407.75,1.0,1,12,14,17,35
2016-04-13,1536,2-7-21-24-30,6,,2000000.0,0.0,2,7,21,24,30
2016-04-17,1537,3-7-16-17-31,7,,2000000.0,0.0,3,7,16,17,31
2016-04-21,1538,9-16-17-32-35,5,,2000000.0,0.0,9,16,17,32,35
2016-04-23,1539,1-2-6-8-26,1,,2000000.0,0.0,1,2,6,8,26
2016-04-27,1540,4-5-6-18-31,6,,2386323.3,0.0,4,5,6,18,31
2016-05-01,1541,2-9-14-18-31,3,,2992687.0,0.0,2,9,14,18,31
2016-05-04,1542,3-6-15-23-25,3,,3515990.45,0.0,3,6,15,23,25
2016-05-07,1543,8-14-17-19-27,6,,4155656.32,0.0,8,14,17,19,27
2016-05-11,1544,1-7-17-26-34,7,,4693666.14,0.0,1,7,17,26,34
2016-05-15,1545,5-16-17-28-35,3,,5381747.33,0.0,5,16,17,28,35
2016-05-18,1546,1-8-11-25-34,2,,6045095.17,0.0,1,8,11,25,34
2016-05-21,1547,1-18-20-21-23,8,,6871422.67,0.0,1,18,20,21,23
2016-05-25,1548,2-3-14-24-32,2,,7616334.75,0.0,2,3,14,24,32
2016-05-28,1549,6-9-15-17-27,8,,8493649.4,0.0,6,9,15,17,27
2016-06-01,1550,5-6-20-21-25,9,,9357431.9,1.0,5,6,20,21,25
2016-06-04,1551,1-7-8-19-22,6,,2000000.0,0.0,1,7,8,19,22
2016-06-08,1552,2-10-14-19-35,2,,2000000.0,0.0,2,10,14,19,35
2016-06-11,1553,3-15-20-25-26,3,,2000000.0,0.0,3,15,20,25,26
2016-06-15,1554,1-22-24-25-27,3,,2000000.0,0.0,1,22,24,25,27
2016-06-18,1555,7-9-17-26-35,2,,2474742.09,0.0,7,9,17,26,35
2016-06-22,1556,1-7-19-25-30,4,,2917759.11,0.0,1,7,19,25,30
2016-06-25,1557,12-13-19-34-35,7,,3492588.95,0.0,12,13,19,34,35
2016-06-29,1558,12-20-22-24-25,2,,4001219.34,0.0,12,20,22,24,25
2016-07-02,1559,3-5-10-20-23,8,,4654851.0,0.0,3,5,10,20,23
2016-07-09,1560,13-18-20-21-34,2,,5465100.65,0.0,13,18,20,21,34
2016-07-13,1561,1-3-8-21-33,3,,6074517.19,0.0,1,3,8,21,33
2016-07-16,1562,4-5-7-22-28,8,,6812362.52,0.0,4,5,7,22,28
2016-07-20,1563,1-6-23-29-33,10,,7503673.63,0.0,1,6,23,29,33
2016-07-23,1564,7-12-14-20-23,3,,8375581.07,0.0,7,12,14,20,23
2016-07-27,1565,14-16-27-28-29,5,,9241913.81,0.0,14,16,27,28,29
2016-07-30,1566,17-22-25-31-33,10,,10359357.22,1.0,17,22,25,31,33
2016-08-03,1567,7-8-18-22-29,8,,2000000.0,1.0,7,8,18,22,29
2016-08-06,1568,5-13-14-18-22,5,,2000000.0,0.0,5,13,14,18,22
2016-08-10,1569,11-12-14-16-33,3,,2000000.0,0.0,11,12,14,16,33
2016-08-13,1570,9-20-26-28-33,2,,2000000.0,0.0,9,20,26,28,33
2016-08-17,1571,1-6-10-19-20,9,,2000000.0,0.0,1,6,10,19,20
2016-08-20,1572,2-10-12-27-33,5,,2364633.62,0.0,2,10,12,27,33
2016-08-24,1573,1-8-9-17-30,4,,2820051.33,0.0,1,8,9,17,30
2016-08-27,1574,6-16-17-19-20,7,,3405258.5,0.0,6,16,17,19,20
2016-08-31,1575,2-4-8-12-21,4,,3861713.09,0.0,2,4,8,12,21
2016-09-03,1576,3-7-13-30-31,5,,4533933.69,0.0,3,7,13,30,31
2016-09-07,1577,6-17-19-29-34,3,,5119682.42,0.0,6,17,19,29,34
2016-09-10,1578,4-7-24-28-35,10,,5869462.18,0.0,4,7,24,28,35
2016-09-14,1579,18-23-24-30-32,4,,6499226.7,0.0,18,23,24,30,32
2016-09-17,1580,13-19-20-26-35,1,,7350883.0,0.0,13,19,20,26,35
2016-09-21,1581,3-6-8-9-14,3,,8142298.5,1.0,3,6,8,9,14
2016-09-24,1582,10-25-29-34-35,4,,2000000.0,0.0,10,25,29,34,35
2016-09-28,1583,2-8-18-21-23,8,,2000000.0,0.0,2,8,18,21,23
2016-10-01,1584,5-21-27-29-31,7,,2000000.0,0.0,5,21,27,29,31
2016-10-05,1585,6-10-15-25-35,6,,2000000.0,0.0,6,10,15,25,35
2016-10-08,1586,7-9-25-27-28,10,,2394620.47,0.0,7,9,25,27,28
2016-10-12,1587,1-3-9-17-32,6,,2848033.22,1.0,1,3,9,17,32
2016-10-15,1588,6-12-16-23-34,8,,2000000.0,0.0,6,12,16,23,34
2016-10-19,1589,1-26-29-30-33,5,,2000000.0,0.0,1,26,29,30,33
2016-10-22,1590,16-20-21-26-27,6,,2000000.0,0.0,16,20,21,26,27
2016-10-26,1591,6-21-27-29-34,1,,2000000.0,0.0,6,21,27,29,34
2016-11-02,1592,9-11-28-29-32,5,,2375194.55,0.0,9,11,28,29,32
2016-11-05,1593,9-17-24-29-31,10,,2923426.49,0.0,9,17,24,29,31
2016-11-09,1594,7-8-10-26-33,8,,3397954.91,0.0,7,8,10,26,33
2016-11-12,1595,4-7-19-20-25,9,,3989189.62,0.0,4,7,19,20,25
2016-11-16,1596,8-9-11-15-25,9,,4535380.71,0.0,8,9,11,15,25
2016-11-19,1597,5-6-8-27-32,1,,5217529.65,0.0,5,6,8,27,32
2016-11-23,1598,2-10-22-28-30,7,,5845064.36,0.0,2,10,22,28,30
2016-11-26,1599,13-15-16-17-29,9,,6647723.24,0.0,13,15,16,17,29
2016-11-30,1600,14-15-22-27-30,5,,7485962.96,1.0,14,15,22,27,30
2016-12-03,1601,7-22-26-32-33,6,,2000000.0,0.0,7,22,26,32,33
2016-12-07,1602,2-9-11-13-18,4,,2000000.0,0.0,2,9,11,13,18
2016-12-10,1603,10-15-22-32-33,3,,2000000.0,0.0,10,15,22,32,33
2016-12-14,1604,2-16-21-25-28,9,,2000000.0,0.0,2,16,21,25,28
2016-12-17,1605,9-11-12-18-26,4,,2000000.0,0.0,9,11,12,18,26
2016-12-21,1606,5-14-18-22-25,2,,3000000.0,0.0,5,14,18,22,25
2016-12-24,1607,3-10-12-16-19,9,,3624986.49,1.0,3,10,12,16,19
2016-12-28,1608,2-3-5-10-29,6,,2000000.0,0.0,2,3,5,10,29
2016-12-31,1609,5-8-13-15-21,2,,2000000.0,0.0,5,8,13,15,21
2017-01-04,1610,1-15-21-23-27,8,,2000000.0,0.0,1,15,21,23,27
2017-01-07,1611,18-20-25-30-35,5,,2000000.0,0.0,18,20,25,30,35
2017-01-11,1612,15-18-21-23-32,4,,2234451.74,0.0,15,18,21,23,32
2017-01-14,1613,15-18-20-31-35,5,,2785942.86,0.0,15,18,20,31,35
2017-01-18,1614,3-12-19-25-34,2,,3276666.61,0.0,3,12,19,25,34
2017-01-21,1615,4-9-10-13-24,1,,3867896.17,0.0,4,9,10,13,24
2017-01-25,1616,15-17-22-23-34,6,,4420558.54,0.0,15,17,22,23,34
2017-01-28,1617,14-15-18-26-27,8,,5119188.08,0.0,14,15,18,26,27
2017-02-01,1618,17-25-26-34-35,2,,5784754.91,0.0,17,25,26,34,35
2017-02-04,1619,2-12-24-31-34,8,,6651558.97,0.0,2,12,24,31,34
2017-02-08,1620,7-19-20-31-35,9,,7450261.33,0.0,7,19,20,31,35
2017-02-11,1621,6-24-27-28-34,1,,8473738.4,0.0,6,24,27,28,34
2017-02-15,1622,8-17-18-33-35,9,,9512711.19,0.0,8,17,18,33,35
2017-02-18,1623,9-17-22-32-35,2,,10780043.35,0.0,9,17,22,32,35
2017-02-22,1624,6-10-22-27-34,8,,12009408.14,1.0,6,10,22,27,34
2017-02-25,1625,7-11-17-31-32,7,,2000000.0,0.0,7,11,17,31,32
2017-03-01,1626,8-20-25-27-30,9,,2000000.0,0.0,8,20,25,27,30
2017-03-04,1627,1-6-16-31-35,1,,2000000.0,0.0,1,6,16,31,35
2017-03-08,1628,12-18-22-26-28,5,,2000000.0,0.0,12,18,22,26,28
2017-03-11,1629,2-5-9-14-23,7,,2485118.54,0.0,2,5,9,14,23
2017-03-15,1630,9-10-13-22-30,10,,2982429.82,0.0,9,10,13,22,30
2017-03-18,1631,1-9-13-28-30,7,,3598561.77,0.0,1,9,13,28,30
2017-03-22,1632,10-19-31-34-35,10,,4156968.99,0.0,10,19,31,34,35
2017-03-25,1633,3-9-10-17-35,7,,4857861.3,0.0,3,9,10,17,35
2017-03-29,1634,6-7-9-24-29,5,,5525342.27,0.0,6,7,9,24,29
2017-04-01,1635,1-4-27-30-34,10,,6299803.93,0.0,1,4,27,30,34
2017-04-05,1636,18-20-21-22-27,5,,7087826.7,0.0,18,20,21,22,27
2017-04-08,1637,2-7-16-28-35,4,,8009338.75,0.0,2,7,16,28,35
2017-04-12,1638,7-16-24-25-26,4,,8911288.69,1.0,7,16,24,25,26
2017-04-15,1639,5-9-11-23-33,7,,2000000.0,0.0,5,9,11,23,33
2017-04-19,1640,1-11-14-17-22,2,,2000000.0,0.0,1,11,14,17,22
2017-04-22,1641,13-25-26-28-30,9,,2000000.0,0.0,13,25,26,28,30
2017-04-26,1642,1-5-7-30-31,9,,2000000.0,0.0,1,5,7,30,31
2017-04-29,1643,4-13-20-23-33,1,,2407194.8,0.0,4,13,20,23,33
2017-05-03,1644,6-21-28-33-35,5,,2902679.34,0.0,6,21,28,33,35
2017-05-06,1645,2-6-18-27-28,6,,3478435.91,0.0,2,6,18,27,28
2017-05-10,1646,2-4-18-22-27,7,,3983519.16,0.0,2,4,18,22,27
2017-05-13,1647,9-20-25-34-35,4,,4602860.31,0.0,9,20,25,34,35
2017-05-17,1648,8-10-20-27-34,1,,5187473.64,0.0,8,10,20,27,34
2017-05-20,1649,4-15-26-27-31,10,,5904596.16,0.0,4,15,26,27,31
2017-05-24,1650,3-11-18-21-24,8,,6552934.4,0.0,3,11,18,21,24
2017-05-27,1651,18-21-23-25-34,9,,7427932.28,0.0,18,21,23,25,34
2017-05-31,1652,2-3-20-23-32,8,,8187664.98,0.0,2,3,20,23,32
2017-06-03,1653,14-27-29-30-33,10,,9190130.39,0.0,14,27,29,30,33
2017-06-07,1654,2-3-24-27-29,6,,10168854.6,0.0,2,3,24,27,29
2017-06-10,1655,1-4-9-22-28,1,,11359503.16,0.0,1,4,9,22,28
2017-06-14,1656,1-9-15-33-34,1,,12468415.59,0.0,1,9,15,33,34
2017-06-17,1657,4-7-22-27-34,2,,13733386.03,0.0,4,7,22,27,34
2017-06-21,1658,13-15-17-22-31,8,,14938803.58,0.0,13,15,17,22,31
2017-06-24,1659,5-9-11-17-22,3,,16566550.46,1.0,5,9,11,17,22
2017-06-28,1660,1-9-10-15-33,1,,2000000.0,0.0,1,9,10,15,33
2017-07-01,1661,7-18-25-26-31,7,,2000000.0,0.0,7,18,25,26,31
2017-07-05,1662,10-11-12-22-25,3,,2000000.0,0.0,10,11,12,22,25
2017-07-08,1663,3-4-13-17-18,8,,2000000.0,0.0,3,4,13,17,18
2017-07-12,1664,2-10-12-25-34,2,,2353311.9,0.0,2,10,12,25,34
2017-07-15,1665,1-4-10-12-18,6,,2921924.42,0.0,1,4,10,12,18
2017-07-19,1666,4-17-28-31-32,9,,3401902.57,0.0,4,17,28,31,32
2017-07-22,1667,2-14-15-21-34,4,,3990564.8,0.0,2,14,15,21,34
2017-07-26,1668,3-7-9-27-33,9,,4515415.97,0.0,3,7,9,27,33
2017-07-29,1669,1-8-12-15-34,9,,5181531.2,0.0,1,8,12,15,34
2017-08-02,1670,4-15-26-27-29,2,,5731191.39,0.0,4,15,26,27,29
2017-08-05,1671,2-3-8-22-25,6,,6454903.05,0.0,2,3,8,22,25
2017-08-09,1672,6-13-16-23-35,9,,7086544.92,0.0,6,13,16,23,35
2017-08-12,1673,2-5-9-16-29,7,,7861250.37,0.0,2,5,9,16,29
2017-08-16,1674,1-3-5-18-34,2,,8630545.14,0.0,1,3,5,18,34
2017-08-19,1675,4-23-24-26-33,4,,9515940.11,0.0,4,23,24,26,33
2017-08-23,1676,2-11-14-15-16,7,,10396616.74,0.0,2,11,14,15,16
2017-08-26,1677,4-16-25-26-27,4,,11519052.44,0.0,4,16,25,26,27
2017-08-30,1678,5-18-19-30-31,4,,12560682.75,0.0,5,18,19,30,31
2017-09-02,1679,11-18-21-26-35,6,,13890737.9,0.0,11,18,21,26,35
2017-09-06,1680,7-9-15-26-33,10,,15149407.05,0.0,7,9,15,26,33
2017-09-09,1681,3-4-12-13-22,2,,16630902.62,1.0,3,4,12,13,22
2017-09-13,1682,5-7-8-29-31,7,,2000000.0,0.0,5,7,8,29,31
2017-09-16,1683,2-3-9-27-28,2,,2000000.0,0.0,2,3,9,27,28
2017-09-20,1684,6-16-27-31-33,5,,2000000.0,0.0,6,16,27,31,33
2017-09-23,1685,12-16-24-28-30,6,,2000000.0,0.0,12,16,24,28,30
2017-09-27,1686,9-12-13-26-34,10,,2347206.81,0.0,9,12,13,26,34
2017-09-30,1687,6-7-16-23-27,6,,2939580.74,0.0,6,7,16,23,27
2017-10-04,1688,9-12-17-28-34,10,,3407782.93,0.0,9,12,17,28,34
2017-10-07,1689,5-9-10-17-23,1,,3984729.24,0.0,5,9,10,17,23
2017-10-11,1690,9-13-23-30-35,7,,4479861.74,0.0,9,13,23,30,35
2017-10-14,1691,9-10-17-22-35,5,,5095158.38,0.0,9,10,17,22,35
2017-10-21,1692,5-7-10-17-27,1,,5880115.88,0.0,5,7,10,17,27
2017-10-25,1693,1-2-9-18-24,7,,6448559.25,0.0,1,2,9,18,24
2017-10-28,1694,1-9-19-21-34,1,,7188828.17,0.0,1,9,19,21,34
2017-11-01,1695,1-9-11-20-28,2,,7884749.8,0.0,1,9,11,20,28
2017-11-04,1696,4-19-30-33-34,5,,,,4,19,30,33,34
2017-11-08,1697,14-21-30-33-34,9,,9590198.44,0.0,14,21,30,33,34
2017-11-11,1698,1-20-21-30-35,4,,10584184.73,1.0,1,20,21,30,35
2017-11-15,1699,3-8-27-33-34,8,,2000000.0,0.0,3,8,27,33,34
2017-11-18,1700,2-5-11-16-17,5,,2000000.0,0.0,2,5,11,16,17
2017-11-22,1701,11-16-28-32-33,7,,2000000.0,0.0,11,16,28,32,33
2017-11-25,1702,14-20-23-26-29,2,,2000000.0,1.0,14,20,23,26,29
2017-11-29,1703,12-19-21-26-34,1,,,,12,19,21,26,34
2017-12-02,1704,6-17-27-29-34,7,,2000000.0,1.0,6,17,27,29,34
2017-12-06,1705,5-10-12-16-25,7,,2000000.0,0.0,5,10,12,16,25
2017-12-09,1706,5-19-25-32-34,10,,2000000.0,0.0,5,19,25,32,34
2017-12-13,1707,3-5-11-12-30,10,,2000000.0,0.0,3,5,11,12,30
2017-12-16,1708,6-8-21-30-31,1,,2000000.0,0.0,6,8,21,30,31
2017-12-20,1709,2-14-19-30-34,1,,2332431.59,0.0,2,14,19,30,34
2017-12-23,1710,6-11-16-29-32,10,,,,6,11,16,29,32
2017-12-27,1711,6-13-27-31-34,2,,,,6,13,27,31,34
2017-12-30,1712,2-3-16-30-31,7,,3952265.04,0.0,2,3,16,30,31
2018-01-03,1713,6-10-17-21-27,1,,4463428.51,0.0,6,10,17,21,27
2018-01-06,1714,2-4-12-25-34,10,,5113883.96,0.0,2,4,12,25,34
2018-01-10,1715,6-15-26-27-33,10,,5669238.62,0.0,6,15,26,27,33
2018-01-13,1716,9-27-29-34-35,8,,6381407.19,0.0,9,27,29,34,35
2018-01-17,1717,8-11-28-34-35,9,,7018274.73,0.0,8,11,28,34,35
2018-01-20,1718,9-16-21-28-32,10,,7835508.94,0.0,9,16,21,28,32
2018-01-24,1719,2-7-10-21-23,6,,8552388.95,0.0,2,7,10,21,23
2018-01-27,1720,4-12-14-16-33,3,,9464338.72,0.0,4,12,14,16,33
2018-01-31,1721,5-16-29-30-32,2,,10352680.58,0.0,5,16,29,30,32
2018-02-03,1722,1-9-14-30-32,10,,11441150.71,0.0,1,9,14,30,32
2018-02-07,1723,5-8-29-30-35,1,,12389091.39,0.0,5,8,29,30,35
2018-02-10,1724,3-5-22-31-32,2,,13485870.14,0.0,3,5,22,31,32
2018-02-14,1725,11-14-24-29-32,4,,14349205.6,0.0,11,14,24,29,32
2018-02-17,1726,24-25-26-29-31,5,,15672470.8,0.0,24,25,26,29,31
2018-02-21,1727,5-12-16-26-35,4,,16959190.63,0.0,5,12,16,26,35
2018-02-24,1728,7-9-11-25-32,4,,18653476.1,0.0,7,9,11,25,32
2018-02-28,1729,4-12-14-18-25,8,,20592491.53,0.0,4,12,14,18,25
2018-03-03,1730,2-6-23-24-34,9,,22948764.68,0.0,2,6,23,24,34
2018-03-07,1731,5-8-12-13-17,9,,25358575.09,0.0,5,8,12,13,17
2018-03-10,1732,21-24-26-27-33,7,,28121220.3,1.0,21,24,26,27,33
2018-03-14,1733,2-4-15-18-20,8,,2000000.0,0.0,2,4,15,18,20
2018-03-17,1734,19-23-24-26-29,9,,2000000.0,0.0,19,23,24,26,29
2018-03-21,1735,1-2-7-13-29,2,,2000000.0,0.0,1,2,7,13,29
2018-03-24,1736,6-22-25-28-31,9,,2007067.65,0.0,6,22,25,28,31
2018-03-28,1737,10-17-18-19-31,9,,2485379.56,0.0,10,17,18,19,31
2018-04-04,1738,4-11-20-22-26,2,,3046605.89,0.0,4,11,20,22,26
2018-04-07,1739,4-13-16-19-30,8,,3633957.69,0.0,4,13,16,19,30
2018-04-11,1740,4-9-12-17-33,3,,4140938.04,0.0,4,9,12,17,33
2018-04-14,1741,3-9-17-29-32,3,,4775568.62,0.0,3,9,17,29,32
2018-04-18,1742,15-21-24-26-28,10,,5335231.95,0.0,15,21,24,26,28
2018-04-21,1743,2-6-19-24-30,8,,6003610.69,0.0,2,6,19,24,30
2018-04-25,1744,9-10-22-23-32,9,,6618750.24,1.0,9,10,22,23,32
2018-04-28,1745,9-12-25-30-33,9,,2000000.0,0.0,9,12,25,30,33
2018-05-02,1746,11-12-13-18-19,10,,2000000.0,0.0,11,12,13,18,19
2018-05-05,1747,9-13-15-17-19,1,,2000000.0,1.0,9,13,15,17,19
2018-05-09,1748,1-16-20-28-31,1,,2000000.0,0.0,1,16,20,28,31
2018-05-12,1749,4-11-12-30-33,6,,2000000.0,0.0,4,11,12,30,33
2018-05-16,1750,1-2-6-9-25,8,,2000000.0,0.0,1,2,6,9,25
2018-05-19,1751,9-12-31-33-34,2,,2000000.0,0.0,9,12,31,33,34
2018-05-23,1752,3-11-12-20-30,7,,2270908.56,0.0,3,11,12,20,30
2018-05-26,1753,8-12-15-18-32,5,,2820239.09,0.0,8,12,15,18,32
2018-05-30,1754,13-16-18-29-31,8,,3219209.65,0.0,13,16,18,29,31
2018-06-02,1755,5-12-21-22-28,2,,3803148.82,0.0,5,12,21,22,28
2018-06-06,1756,4-9-12-29-33,3,,4322198.37,0.0,4,9,12,29,33
2018-06-09,1757,2-7-9-13-32,1,,4951911.47,0.0,2,7,9,13,32
2018-06-13,1758,7-8-13-24-30,1,,5502151.37,0.0,7,8,13,24,30
2018-06-16,1759,3-13-17-29-31,3,,6143369.55,0.0,3,13,17,29,31
2018-06-20,1760,2-17-18-25-29,8,,6681194.83,0.0,2,17,18,25,29
2018-06-23,1761,9-17-30-31-33,10,,7388327.29,0.0,9,17,30,31,33
2018-06-27,1762,2-5-20-26-27,2,,8035298.44,0.0,2,5,20,26,27
2018-06-30,1763,1-2-5-25-33,3,,8908394.23,0.0,1,2,5,25,33
2018-07-04,1764,6-11-13-28-31,2,,9757499.38,0.0,6,11,13,28,31
2018-07-07,1765,8-21-25-26-35,3,,10758712.6,0.0,8,21,25,26,35
2018-07-11,1766,1-7-9-13-27,2,,11653398.89,0.0,1,7,9,13,27
2018-07-14,1767,17-19-27-32-34,4,,12795823.52,0.0,17,19,27,32,34
2018-07-18,1768,5-8-9-26-27,1,,13838421.13,0.0,5,8,9,26,27
2018-07-21,1769,6-19-25-28-35,1,,15122891.86,0.0,6,19,25,28,35
2018-07-25,1770,3-8-15-21-27,8,,16331999.1,0.0,3,8,15,21,27
2018-07-28,1771,9-11-25-29-35,8,,17826159.0,0.0,9,11,25,29,35
2018-08-01,1772,1-6-9-28-30,10,,19141652.94,1.0,1,6,9,28,30
2018-08-04,1773,6-22-25-28-29,2,,2000000.0,0.0,6,22,25,28,29
2018-08-08,1774,18-21-23-28-33,9,,2000000.0,0.0,18,21,23,28,33
2018-08-11,1775,7-10-12-25-32,9,,2000000.0,0.0,7,10,12,25,32
2018-08-15,1776,3-11-25-34-35,1,,2000000.0,0.0,3,11,25,34,35
2018-08-18,1777,5-17-18-24-26,10,,2000000.0,0.0,5,17,18,24,26
2018-08-22,1778,9-13-15-19-30,4,,2803033.76,0.0,9,13,15,19,30
2018-08-25,1779,1-12-15-17-18,1,,3346906.15,0.0,1,12,15,17,18
2018-08-29,1780,4-8-24-25-31,5,,3819971.89,0.0,4,8,24,25,31
2018-09-01,1781,7-9-11-12-31,2,,4420622.9,0.0,7,9,11,12,31
2018-09-05,1782,5-7-18-27-30,2,,4952799.01,0.0,5,7,18,27,30
2018-09-08,1783,4-5-10-11-32,9,,5604780.31,0.0,4,5,10,11,32
2018-09-12,1784,2-16-18-19-22,1,,6162639.64,0.0,2,16,18,19,22
2018-09-15,1785,14-15-16-17-18,4,,6880913.49,1.0,14,15,16,17,18
2018-09-19,1786,2-6-8-17-35,2,,2000000.0,0.0,2,6,8,17,35
2018-09-22,1787,2-5-13-21-26,3,,2000000.0,0.0,2,5,13,21,26
2018-09-26,1788,2-14-18-21-27,10,,2000000.0,0.0,2,14,18,21,27
2018-09-29,1789,7-8-13-19-21,9,,2000000.0,0.0,7,8,13,19,21
2018-10-03,1790,3-18-20-29-31,9,,2258702.5,1.0,3,18,20,29,31
2018-10-06,1791,4-15-22-25-27,2,,2000000.0,0.0,4,15,22,25,27
2018-10-10,1792,3-8-9-13-22,5,,2000000.0,0.0,3,8,9,13,22
2018-10-13,1793,1-12-13-29-31,4,,2000000.0,0.0,1,12,13,29,31
2018-10-17,1794,5-7-10-16-31,9,,2000000.0,0.0,5,7,10,16,31
2018-10-20,1795,5-8-10-11-25,6,,2247140.42,0.0,5,8,10,11,25
2018-10-24,1796,9-12-13-32-35,4,,2667321.83,0.0,9,12,13,32,35
2018-10-27,1797,2-17-21-24-25,8,,3208451.02,0.0,2,17,21,24,25
2018-10-31,1798,1-7-23-32-34,2,,3681414.72,0.0,1,7,23,32,34
2018-11-03,1799,4-20-21-24-27,6,,4312756.05,0.0,4,20,21,24,27
2018-11-07,1800,10-18-28-32-35,5,,4774982.54,0.0,10,18,28,32,35
2018-11-10,1801,1-7-13-18-28,1,,5441805.38,0.0,1,7,13,18,28
2018-11-14,1802,1-12-18-31-33,1,,6001363.99,0.0,1,12,18,31,33
2018-11-17,1803,4-18-24-27-33,5,,6712358.72,0.0,4,18,24,27,33
2018-11-21,1804,7-18-24-25-26,6,,7358207.64,1.0,7,18,24,25,26
2018-11-24,1805,5-11-20-23-32,4,,2000000.0,1.0,5,11,20,23,32
2018-11-28,1806,3-7-13-16-18,8,,2000000.0,0.0,3,7,13,16,18
2018-12-01,1807,3-6-10-23-32,6,,2000000.0,0.0,3,6,10,23,32
2018-12-05,1808,2-3-7-19-32,7,,2000000.0,0.0,2,3,7,19,32
2018-12-08,1809,7-9-14-15-27,8,,2000000.0,0.0,7,9,14,15,27
2018-12-12,1810,2-3-22-23-28,1,,2348511.27,0.0,2,3,22,23,28
2018-12-15,1811,9-12-15-22-30,9,,2906247.42,0.0,9,12,15,22,30
2018-12-19,1812,8-18-19-20-27,10,,3419563.01,0.0,8,18,19,20,27
2018-12-22,1813,10-19-25-26-35,1,,4062238.38,0.0,10,19,25,26,35
2018-12-26,1814,11-12-15-27-31,7,,4434210.77,0.0,11,12,15,27,31
2018-12-29,1815,6-17-27-29-32,9,,5123578.81,0.0,6,17,27,29,32
2019-01-02,1816,1-13-17-27-29,3,,5718666.41,0.0,1,13,17,27,29
2019-01-05,1817,11-13-18-26-29,6,,6454791.64,1.0,11,13,18,26,29
2019-01-09,1818,5-6-14-16-33,4,,2000000.0,0.0,5,6,14,16,33
2019-01-12,1819,5-8-18-27-33,6,,2000000.0,0.0,5,8,18,27,33
2019-01-16,1820,4-12-13-22-28,10,,2000000.0,0.0,4,12,13,22,28
2019-01-19,1821,1-11-30-34-35,1,,2000000.0,0.0,1,11,30,34,35
2019-01-23,1822,20-22-27-32-33,3,,2244254.76,0.0,20,22,27,32,33
2019-01-26,1823,4-7-9-17-34,7,,2782301.96,0.0,4,7,9,17,34
2019-01-30,1824,2-4-12-14-22,10,,3251070.4,0.0,2,4,12,14,22
2019-02-02,1825,2-17-21-27-31,2,,3849696.66,0.0,2,17,21,27,31
2019-02-06,1826,5-14-25-34-35,5,,4357222.31,0.0,5,14,25,34,35
2019-02-09,1827,3-12-14-22-29,7,,5005758.94,0.0,3,12,14,22,29
2019-02-13,1828,2-4-8-17-33,8,,5562274.53,0.0,2,4,8,17,33
2019-02-16,1829,7-8-10-11-14,9,,6274261.68,0.0,7,8,10,11,14
2019-02-20,1830,8-23-24-26-30,10,,6894325.72,0.0,8,23,24,26,30
2019-02-23,1831,15-17-18-22-35,5,,7683749.1,0.0,15,17,18,22,35
2019-02-27,1832,4-13-19-27-30,5,,8461564.17,0.0,4,13,19,27,30
2019-03-02,1833,3-11-13-22-31,3,,9463823.91,0.0,3,11,13,22,31
2019-03-06,1834,16-21-22-26-32,2,,10245770.54,1.0,16,21,22,26,32
2019-03-09,1835,11-15-16-27-30,10,,2000000.0,0.0,11,15,16,27,30
2019-03-13,1836,4-12-14-15-27,2,,2000000.0,0.0,4,12,14,15,27
2019-03-16,1837,11-22-25-31-35,9,,2000000.0,0.0,11,22,25,31,35
2019-03-20,1838,10-14-15-16-28,4,,2000000.0,0.0,10,14,15,16,28
2019-03-23,1839,9-12-13-20-23,4,,2000000.0,0.0,9,12,13,20,23
2019-03-27,1840,1-2-7-16-27,9,,2000000.0,0.0,1,2,7,16,27
2019-04-03,1841,2-19-26-28-32,1,,3564064.16,0.0,2,19,26,28,32
2019-04-06,1842,1-6-26-27-35,7,,4182551.2,0.0,1,6,26,27,35
2019-04-10,1843,3-13-15-25-26,9,,4717585.89,0.0,3,13,15,25,26
2019-04-13,1844,1-3-6-19-26,4,,5372395.46,0.0,1,3,6,19,26
2019-04-17,1845,9-20-21-28-33,9,,5984354.73,0.0,9,20,21,28,33
2019-04-20,1846,15-19-26-30-33,9,,6629249.07,0.0,15,19,26,30,33
2019-04-24,1847,6-9-15-24-34,8,,7263806.62,0.0,6,9,15,24,34
2019-04-27,1848,4-13-26-29-32,2,,8117553.84,0.0,4,13,26,29,32
2019-05-01,1849,5-7-8-20-26,6,,8975746.2,0.0,5,7,8,20,26
2019-05-04,1850,4-7-14-22-25,3,,10037199.6,0.0,4,7,14,22,25
2019-05-08,1851,10-23-29-31-35,3,,11001430.88,0.0,10,23,29,31,35
2019-05-11,1852,15-20-21-26-34,8,,12143088.05,0.0,15,20,21,26,34
2019-05-15,1853,5-8-23-28-29,2,,13253755.34,0.0,5,8,23,28,29
2019-05-18,1854,1-3-7-11-19,2,,14605286.59,1.0,1,3,7,11,19
2019-05-22,1855,1-10-14-34-35,6,,2000000.0,0.0,1,10,14,34,35
2019-05-25,1856,11-27-31-32-35,1,,2000000.0,0.0,11,27,31,32,35
2019-05-30,1857,5-20-25-26-35,3,,2000000.0,0.0,5,20,25,26,35
2019-06-01,1858,6-12-14-17-22,9,,2000000.0,0.0,6,12,14,17,22
2019-06-08,1859,8-20-22-30-33,10,,2609585.8,0.0,8,20,22,30,33
2019-06-12,1860,8-9-21-26-27,3,,3055520.32,0.0,8,9,21,26,27
2019-06-15,1861,2-12-25-29-30,5,,3655555.28,0.0,2,12,25,29,30
2019-06-19,1862,1-6-8-30-35,2,,4075540.33,0.0,1,6,8,30,35
2019-06-22,1863,15-16-23-26-32,8,,4653805.32,1.0,15,16,23,26,32
2019-06-26,1864,12-19-23-29-31,5,,2000000.0,1.0,12,19,23,29,31
2019-06-29,1865,5-6-11-13-34,5,,2000000.0,0.0,5,6,11,13,34
2019-07-03,1866,3-11-13-28-34,1,,2000000.0,0.0,3,11,13,28,34
2019-07-06,1867,20-23-27-28-30,8,,2000000.0,0.0,20,23,27,28,30
2019-07-10,1868,7-15-27-28-30,1,,2000000.0,0.0,7,15,27,28,30
2019-07-13,1869,3-5-7-8-23,1,,2411751.95,0.0,3,5,7,8,23
2019-07-17,1870,5-12-23-26-29,7,,2871024.15,0.0,5,12,23,26,29
2019-07-20,1871,5-6-28-29-34,2,,3440454.6,0.0,5,6,28,29,34
2019-07-24,1872,4-8-12-25-31,4,,3942224.39,0.0,4,8,12,25,31
2019-07-27,1873,10-12-13-15-25,3,,4563269.7,0.0,10,12,13,15,25
2019-07-31,1874,5-8-23-27-30,1,,5144637.41,0.0,5,8,23,27,30
2019-08-03,1875,9-12-26-31-32,7,,5880770.24,0.0,9,12,26,31,32
2019-08-07,1876,3-12-19-23-30,2,,6558926.61,0.0,3,12,19,23,30
2019-08-10,1877,1-5-15-18-28,4,,7381779.49,0.0,1,5,15,18,28
2019-08-14,1878,4-5-6-14-16,10,,8156853.46,0.0,4,5,6,14,16
2019-08-17,1879,5-7-12-14-15,7,,9163939.32,1.0,5,7,12,14,15
2019-08-21,1880,1-7-13-17-30,8,,2000000.0,0.0,1,7,13,17,30
2019-08-24,1881,4-23-25-31-32,1,,2000000.0,0.0,4,23,25,31,32
2019-08-28,1882,4-10-21-28-31,2,,2000000.0,0.0,4,10,21,28,31
2019-08-31,1883,5-14-22-28-34,5,,2000000.0,0.0,5,14,22,28,34
2019-09-04,1884,15-21-24-28-29,6,,2247138.35,0.0,15,21,24,28,29
2019-09-07,1885,1-5-14-16-28,1,,2802768.1,0.0,1,5,14,16,28
2019-09-11,1886,11-12-25-30-31,3,,3274999.33,1.0,11,12,25,30,31
2019-09-14,1887,9-12-27-30-33,7,,2000000.0,0.0,9,12,27,30,33
2019-09-18,1888,1-14-16-21-31,6,,2000000.0,0.0,1,14,16,21,31
2019-09-21,1889,8-13-14-29-31,3,,2000000.0,0.0,8,13,14,29,31
2019-09-25,1890,1-3-4-8-15,9,,2000000.0,0.0,1,3,4,8,15
2019-09-28,1891,4-8-12-15-25,7,,2307115.53,0.0,4,8,12,15,25
2019-10-02,1892,3-23-25-26-28,6,,2778415.11,0.0,3,23,25,26,28
2019-10-05,1893,1-6-16-24-26,4,,3357379.86,0.0,1,6,16,24,26
2019-10-09,1894,2-4-26-29-30,9,,3850557.45,0.0,2,4,26,29,30
2019-10-12,1895,9-15-19-20-21,4,,4483881.04,0.0,9,15,19,20,21
2019-10-16,1896,9-13-18-28-35,7,,5093249.17,0.0,9,13,18,28,35
2019-10-19,1897,6-16-20-29-31,8,,5822548.67,0.0,6,16,20,29,31
2019-10-23,1898,7-11-16-29-32,8,,6478900.68,0.0,7,11,16,29,32
2019-10-26,1899,25-27-29-30-34,9,,7370393.92,1.0,25,27,29,30,34
2019-10-30,1900,3-4-7-15-22,8,,2000000.0,0.0,3,4,7,15,22
2019-11-02,1901,6-12-17-26-33,2,,2000000.0,0.0,6,12,17,26,33
2019-11-06,1902,7-8-15-17-31,1,,2000000.0,0.0,7,8,15,17,31
2019-11-09,1903,4-6-11-24-34,7,,2000000.0,0.0,4,6,11,24,34
2019-11-13,1904,9-18-19-23-33,10,,2302803.92,0.0,9,18,19,23,33
2019-11-16,1905,5-11-24-25-34,9,,2859396.12,0.0,5,11,24,25,34
2019-11-20,1906,5-7-8-25-28,1,,,,5,7,8,25,28
2019-11-23,1907,7-14-21-32-33,6,,3916843.15,0.0,7,14,21,32,33
2019-11-27,1908,2-5-9-29-35,10,,4453632.79,0.0,2,5,9,29,35
2019-11-30,1909,1-9-16-30-33,7,,5172087.29,0.0,1,9,16,30,33
2019-12-04,1910,3-9-14-26-33,5,,,,3,9,14,26,33
2019-12-07,1911,15-16-21-30-31,1,,6593981.04,0.0,15,16,21,30,31
2019-12-11,1912,10-15-19-23-32,1,,7261684.86,0.0,10,15,19,23,32
2019-12-14,1913,1-15-22-30-32,10,,8172539.37,0.0,1,15,22,30,32
2019-12-18,1914,9-11-12-14-29,6,,9089384.17,0.0,9,11,12,14,29
2019-12-21,1915,7-13-16-19-26,4,,10232667.65,0.0,7,13,16,19,26
2019-12-28,1916,9-10-25-31-32,6,,11764059.64,0.0,9,10,25,31,32
2020-01-01,1917,10-14-21-29-30,10,,12923650.05,1.0,10,14,21,29,30
2020-01-04,1918,3-9-11-15-34,8,,2000000.0,0.0,3,9,11,15,34
2020-01-08,1919,10-20-28-33-34,8,,2000000.0,0.0,10,20,28,33,34
2020-01-11,1920,4-9-10-12-20,10,,2000000.0,0.0,4,9,10,12,20
2020-01-15,1921,6-11-14-30-32,8,,2000000.0,0.0,6,11,14,30,32
2020-01-18,1922,3-5-13-17-33,8,,2394732.59,0.0,3,5,13,17,33
2020-01-22,1923,4-5-18-20-31,6,,2832750.76,1.0,4,5,18,20,31
2020-01-25,1924,6-8-23-25-35,4,,2000000.0,0.0,6,8,23,25,35
2020-01-29,1925,4-14-18-22-23,8,,2000000.0,0.0,4,14,18,22,23
2020-02-01,1926,1-10-13-19-30,5,,2000000.0,0.0,1,10,13,19,30
2020-02-05,1927,7-10-15-24-30,4,,2000000.0,0.0,7,10,15,24,30
2020-02-08,1928,1-6-24-30-32,6,,2347765.12,0.0,1,6,24,30,32
2020-02-12,1929,12-16-21-28-32,9,,2782240.24,1.0,12,16,21,28,32
2020-02-15,1930,8-12-29-32-35,7,,2000000.0,0.0,8,12,29,32,35
2020-02-19,1931,8-11-15-23-30,10,,2000000.0,0.0,8,11,15,23,30
2020-02-22,1932,4-5-11-13-26,1,,2000000.0,0.0,4,5,11,13,26
2020-02-26,1933,1-6-7-28-30,5,,2000000.0,0.0,1,6,7,28,30
2020-02-29,1934,18-21-29-30-32,2,,2208673.87,0.0,18,21,29,30,32
2020-03-04,1935,9-17-21-33-35,9,,2674890.25,0.0,9,17,21,33,35
2020-03-07,1936,1-4-9-10-33,2,,,,1,4,9,10,33
2020-03-11,1937,1-4-14-22-33,2,,3747080.86,0.0,1,4,14,22,33
2020-03-14,1938,3-6-11-27-31,10,,4371343.87,1.0,3,6,11,27,31
2020-03-18,1939,5-20-24-25-27,9,,2000000.0,1.0,5,20,24,25,27
2020-03-21,1940,6-8-15-25-26,9,,2000000.0,0.0,6,8,15,25,26
2020-03-25,1941,12-22-24-29-32,1,,2000000.0,0.0,12,22,24,29,32
2020-03-28,1942,13-19-28-31-35,6,,2000000.0,0.0,13,19,28,31,35
2020-06-03,1943,7-11-14-18-33,2,,2000000.0,0.0,7,11,14,18,33
2020-06-06,1944,4-6-9-27-29,1,,2000000.0,0.0,4,6,9,27,29
2020-06-10,1945,2-3-4-24-25,9,,2172820.79,0.0,2,3,4,24,25
2020-06-13,1946,2-10-25-33-35,6,,2566079.26,0.0,2,10,25,33,35
2020-06-17,1947,11-15-20-22-23,3,,2943362.57,0.0,11,15,20,22,23
2020-06-20,1948,9-11-15-22-30,1,,3426997.11,0.0,9,11,15,22,30
2020-06-24,1949,20-22-26-27-32,5,,3871914.07,1.0,20,22,26,27,32
2020-06-27,1950,7-16-19-23-34,4,,2000000.0,0.0,7,16,19,23,34
2020-07-01,1951,1-15-17-23-35,8,,2000000.0,0.0,1,15,17,23,35
2020-07-04,1952,1-10-13-25-28,6,,2000000.0,0.0,1,10,13,25,28
2020-07-08,1953,3-28-30-33-35,2,,2000000.0,0.0,3,28,30,33,35
2020-07-11,1954,7-13-21-25-30,9,,2215781.86,0.0,7,13,21,25,30
2020-07-15,1955,11-20-28-29-33,6,,2632496.82,0.0,11,20,28,29,33
2020-07-18,1956,2-5-13-20-29,6,,3188190.69,0.0,2,5,13,20,29
2020-07-22,1957,2-22-23-26-28,2,,3649689.02,0.0,2,22,23,26,28
2020-07-25,1958,1-11-21-22-32,10,,4248155.01,0.0,1,11,21,22,32
2020-07-29,1959,6-7-16-18-20,5,,4769729.58,0.0,6,7,16,18,20
2020-08-01,1960,3-14-23-24-29,5,,5454844.62,0.0,3,14,23,24,29
2020-08-05,1961,6-15-19-24-26,9,,6152712.54,0.0,6,15,19,24,26
2020-08-08,1962,6-11-13-28-33,8,,7008090.79,0.0,6,11,13,28,33
2020-08-12,1963,22-24-27-28-34,1,,7784266.93,0.0,22,24,27,28,34
2020-08-15,1964,4-9-18-19-30,2,,8825780.62,1.0,4,9,18,19,30
2020-08-19,1965,14-17-19-24-28,1,,2000000.0,0.0,14,17,19,24,28
2020-08-22,1966,6-11-12-14-34,4,,2000000.0,0.0,6,11,12,14,34
2020-08-26,1967,5-6-16-22-32,9,,2000000.0,0.0,5,6,16,22,32
2020-08-29,1968,5-8-13-17-30,7,,2000000.0,0.0,5,8,13,17,30
2020-09-02,1969,4-7-25-29-31,7,,2194532.62,0.0,4,7,25,29,31
2020-09-05,1970,12-17-22-26-33,7,,2738363.61,0.0,12,17,22,26,33
2020-09-09,1971,3-7-8-28-33,10,,3206442.21,0.0,3,7,8,28,33
2020-09-12,1972,1-10-20-31-32,7,,3801771.44,0.0,1,10,20,31,32
2020-09-16,1973,14-18-20-27-29,10,,4353516.22,0.0,14,18,20,27,29
2020-09-19,1974,1-2-8-21-32,3,,5065073.44,1.0,1,2,8,21,32
2020-09-23,1975,9-17-18-21-22,3,,2000000.0,0.0,9,17,18,21,22
2020-09-26,1976,6-16-23-24-26,8,,2000000.0,0.0,6,16,23,24,26
2020-09-30,1977,16-22-25-30-33,9,,2000000.0,0.0,16,22,25,30,33
2020-10-03,1978,1-3-9-19-30,10,,2000000.0,0.0,1,3,9,19,30
2020-10-07,1979,2-5-16-26-33,2,,2301727.61,0.0,2,5,16,26,33
2020-10-10,1980,13-15-16-27-29,1,,2869810.3,0.0,13,15,16,27,29
2020-10-14,1981,3-17-26-28-32,6,,3346477.66,0.0,3,17,26,28,32
2020-10-17,1982,2-4-19-31-35,6,,4012137.6,0.0,2,4,19,31,35
2020-10-21,1983,13-21-23-34-35,3,,4559433.03,0.0,13,21,23,34,35
2020-10-24,1984,5-7-10-19-28,5,,5308272.08,1.0,5,7,10,19,28
2020-10-28,1985,14-19-21-26-27,8,,2000000.0,0.0,14,19,21,26,27
2020-10-31,1986,1-2-7-20-25,3,,2000000.0,0.0,1,2,7,20,25
2020-11-04,1987,7-16-20-23-25,8,,2000000.0,0.0,7,16,20,23,25
2020-11-07,1988,17-22-26-31-32,10,,2000000.0,0.0,17,22,26,31,32
2020-11-11,1989,3-13-24-26-34,1,,2263564.19,0.0,3,13,24,26,34
2020-11-18,1990,2-3-5-15-19,7,,2878290.27,0.0,2,3,5,15,19
2020-11-21,1991,2-12-27-28-33,1,,3452436.02,1.0,2,12,27,28,33
2020-11-25,1992,8-20-25-29-35,2,,2000000.0,0.0,8,20,25,29,35
2020-11-28,1993,13-20-26-27-35,7,,2000000.0,0.0,13,20,26,27,35
2020-12-02,1994,5-7-12-19-27,4,,2000000.0,0.0,5,7,12,19,27
2020-12-05,1995,6-15-20-21-22,6,,2000000.0,0.0,6,15,20,21,22
2020-12-09,1996,10-14-22-26-32,10,,2267330.45,0.0,10,14,22,26,32
2020-12-12,1997,8-21-26-32-33,9,,2809353.46,0.0,8,21,26,32,33
2020-12-16,1998,9-17-19-27-31,6,,3304314.11,0.0,9,17,19,27,31
2020-12-19,1999,8-11-16-19-31,9,,3986673.96,0.0,8,11,16,19,31
2020-12-23,2000,8-11-16-23-25,1,,4667144.51,0.0,8,11,16,23,25
2020-12-26,2001,11-16-17-33-35,1,,5236073.71,0.0,11,16,17,33,35
2020-12-30,2002,8-14-15-24-29,6,,6098524.81,0.0,8,14,15,24,29
2021-01-02,2003,6-10-13-14-19,7,,7060621.09,0.0,6,10,13,14,19
2021-01-06,2004,4-28-29-30-31,3,,8073084.17,0.0,4,28,29,30,31
2021-01-09,2005,8-11-17-27-29,3,,9356973.45,0.0,8,11,17,27,29
2021-01-13,2006,4-5-9-10-18,7,,10648444.08,1.0,4,5,9,10,18
2021-01-16,2007,5-12-27-32-35,2,,2000000.0,0.0,5,12,27,32,35
2021-01-20,2008,1-16-19-22-23,5,,2000000.0,0.0,1,16,19,22,23
2021-01-23,2009,6-11-21-33-34,4,,2000000.0,0.0,6,11,21,33,34
2021-01-27,2010,2-13-15-29-35,7,,2000000.0,0.0,2,13,15,29,35
2021-01-30,2011,2-10-22-30-33,8,,2590857.89,0.0,2,10,22,30,33
2021-02-03,2012,13-14-20-22-23,2,,3121926.8,0.0,13,14,20,22,23
2021-02-06,2013,9-14-21-23-28,10,,3759714.86,0.0,9,14,21,23,28
2021-02-10,2014,5-8-10-28-30,2,,4326177.69,0.0,5,8,10,28,30
2021-02-13,2015,1-2-4-23-32,7,,5067317.43,3.0,1,2,4,23,32
2021-02-17,2016,3-15-16-22-32,1,,2000000.0,0.0,3,15,16,22,32
2021-02-20,2017,1-6-8-22-30,1,,2000000.0,0.0,1,6,8,22,30
2021-02-24,2018,2-18-19-20-27,7,,2000000.0,0.0,2,18,19,20,27
2021-02-27,2019,13-15-22-23-32,10,,2000000.0,1.0,13,15,22,23,32
2021-03-03,2020,1-5-11-30-32,5,,2000000.0,0.0,1,5,11,30,32
2021-03-06,2021,3-6-7-10-14,9,,2000000.0,0.0,3,6,7,10,14
2021-03-10,2022,4-6-10-11-23,7,,2000000.0,0.0,4,6,10,11,23
2021-03-13,2023,3-4-12-15-18,2,,2000000.0,0.0,3,4,12,15,18
2021-03-17,2024,4-9-15-21-26,5,,2000000.0,0.0,4,9,15,21,26
2021-03-20,2025,6-15-17-27-35,5,,2000000.0,0.0,6,15,17,27,35
2021-03-24,2026,10-17-25-27-35,8,,2000000.0,0.0,10,17,25,27,35
2021-03-27,2027,5-20-32-34-35,7,,2445006.56,0.0,5,20,32,34,35
2021-03-31,2028,11-22-24-33-35,6,,2885514.16,0.0,11,22,24,33,35
2021-04-03,2029,12-13-17-25-27,10,,3502627.78,0.0,12,13,17,25,27
2021-04-07,2030,3-5-15-24-29,3,,4070048.61,0.0,3,5,15,24,29
2021-04-10,2031,2-7-24-26-28,2,,4814817.2,0.0,2,7,24,26,28
2021-04-14,2032,9-19-20-32-34,8,,5516176.95,1.0,9,19,20,32,34
2021-04-17,2033,1-5-20-25-29,3,,2000000.0,0.0,1,5,20,25,29
2021-04-21,2034,2-18-20-23-32,1,,2000000.0,0.0,2,18,20,23,32
2021-04-24,2035,5-17-21-26-30,3,,2000000.0,0.0,5,17,21,26,30
2021-04-28,2036,10-15-17-23-28,8,,2000000.0,0.0,10,15,17,23,28
2021-05-01,2037,12-16-27-28-33,4,,,,12,16,27,28,33
2021-05-05,2038,4-11-13-20-28,9,,2931678.08,0.0,4,11,13,20,28
2021-05-08,2039,4-5-8-24-35,1,,3506726.98,0.0,4,5,8,24,35
2021-05-12,2040,11-17-19-23-31,3,,4048253.4,0.0,11,17,19,23,31
2021-05-15,2041,3-9-21-25-33,10,,4660665.79,0.0,3,9,21,25,33
2021-08-11,2042,3-6-24-27-32,6,,7409036.0,0.0,3,6,24,27,32
2021-08-14,2043,12-13-22-32-35,2,,8195651.22,0.0,12,13,22,32,35
2021-08-18,2044,3-5-16-20-24,5,,8931136.66,0.0,3,5,16,20,24
2021-08-21,2045,1-8-22-32-33,7,,9931381.34,0.0,1,8,22,32,33
2021-08-25,2046,17-18-23-25-28,10,,10853983.69,0.0,17,18,23,25,28
2021-08-28,2047,14-15-20-32-33,10,,12041239.15,0.0,14,15,20,32,33
2021-09-01,2048,14-21-22-31-33,8,,13100564.89,1.0,14,21,22,31,33
2021-09-04,2049,1-2-6-8-17,2,,2000000.0,0.0,1,2,6,8,17
2021-09-08,2050,16-21-22-26-35,1,,2000000.0,0.0,16,21,22,26,35
2021-09-11,2051,13-14-20-26-34,6,,2000000.0,1.0,13,14,20,26,34
2021-09-15,2052,4-7-13-18-19,7,,2000000.0,0.0,4,7,13,18,19
2021-09-18,2053,2-12-16-27-30,1,,2000000.0,0.0,2,12,16,27,30
2021-09-22,2054,8-20-27-30-31,10,,2000000.0,0.0,8,20,27,30,31
2021-09-25,2055,5-8-17-28-31,5,,2000000.0,0.0,5,8,17,28,31
2021-09-29,2056,7-15-20-22-29,10,,2300520.06,0.0,7,15,20,22,29
2021-10-02,2057,2-20-25-31-32,8,,2892466.66,0.0,2,20,25,31,32
2021-10-06,2058,5-17-18-29-33,4,,3399016.07,0.0,5,17,18,29,33
2021-10-09,2059,4-8-16-26-32,4,,4051234.27,0.0,4,8,16,26,32
2021-10-13,2060,3-16-17-20-35,7,,4586008.69,0.0,3,16,17,20,35
2021-10-16,2061,3-4-6-21-25,2,,5330422.02,0.0,3,4,6,21,25
2021-10-20,2062,11-17-21-28-32,8,,6004027.92,0.0,11,17,21,28,32
2021-10-23,2063,1-12-16-23-26,1,,6840808.12,0.0,1,12,16,23,26
2021-10-27,2064,10-11-13-22-27,2,,7628082.36,0.0,10,11,13,22,27
2021-10-30,2065,3-6-7-28-35,2,,8658624.7,0.0,3,6,7,28,35
2021-11-03,2066,10-17-21-26-30,8,,9674083.13,0.0,10,17,21,26,30
2021-11-06,2067,10-17-18-22-33,4,,10854219.17,0.0,10,17,18,22,33
2021-11-10,2068,1-2-17-20-23,8,,12018884.15,1.0,1,2,17,20,23
2021-11-13,2069,2-7-13-19-30,7,,2000000.0,1.0,2,7,13,19,30
2021-11-17,2070,12-19-22-28-31,7,,2000000.0,0.0,12,19,22,28,31
2021-11-20,2071,1-13-21-27-31,3,,2000000.0,0.0,1,13,21,27,31
2021-11-24,2072,2-3-7-16-28,2,,2000000.0,0.0,2,3,7,16,28
2021-11-27,2073,5-6-7-8-21,7,,2000000.0,0.0,5,6,7,8,21
2021-12-01,2074,8-12-13-19-30,2,,,,8,12,13,19,30
2021-12-04,2075,10-15-17-18-20,8,,2900565.48,0.0,10,15,17,18,20
2021-12-08,2076,12-18-22-28-33,10,,3405449.97,0.0,12,18,22,28,33
2021-12-11,2077,1-6-13-20-30,8,,3996510.05,0.0,1,6,13,20,30
2021-12-15,2078,2-16-29-33-35,9,,4564083.98,0.0,2,16,29,33,35
2021-12-18,2079,2-11-12-25-26,7,,5303273.32,0.0,2,11,12,25,26
2021-12-22,2080,2-9-25-27-29,5,,6018742.89,0.0,2,9,25,27,29
2021-12-29,2081,3-12-23-25-33,5,,7048185.67,0.0,3,12,23,25,33
2022-01-01,2082,3-7-12-17-27,2,,7817158.08,0.0,3,7,12,17,27
2022-01-05,2083,3-16-17-21-23,6,,8710484.94,0.0,3,16,17,21,23
2022-01-08,2084,3-12-15-19-25,8,,9814507.22,0.0,3,12,15,19,25
2022-01-12,2085,6-11-14-15-33,9,,10876656.7,0.0,6,11,14,15,33
2022-01-15,2086,2-10-19-21-22,7,,12231191.66,2.0,2,10,19,21,22
2022-01-19,2087,1-4-10-18-23,4,,2000000.0,0.0,1,4,10,18,23
2022-01-22,2088,1-5-20-21-32,9,,2000000.0,0.0,1,5,20,21,32
2022-01-26,2089,13-15-21-24-34,9,,2000000.0,0.0,13,15,21,24,34
2022-01-29,2090,1-16-17-25-30,8,,2000000.0,0.0,1,16,17,25,30
2022-02-02,2091,1-2-12-17-23,1,,2429413.43,0.0,1,2,12,17,23
2022-02-05,2092,2-12-16-26-28,1,,2992685.94,0.0,2,12,16,26,28
2022-02-09,2093,3-4-5-9-12,10,,3480438.86,0.0,3,4,5,9,12
2022-02-12,2094,12-16-17-19-31,5,,4115348.76,0.0,12,16,17,19,31
2022-02-16,2095,1-6-12-22-27,6,,,,1,6,12,22,27
2022-02-19,2096,9-18-23-31-32,10,,5164973.39,0.0,9,18,23,31,32
2022-02-23,2097,5-6-27-29-31,5,,5793894.03,1.0,5,6,27,29,31
2022-02-26,2098,4-17-22-25-30,7,,2000000.0,0.0,4,17,22,25,30
2022-03-02,2099,11-17-18-28-35,10,,2000000.0,0.0,11,17,18,28,35
2022-03-05,2100,3-4-7-21-30,10,,2000000.0,0.0,3,4,7,21,30
2022-03-09,2101,1-7-11-14-34,10,,2000000.0,0.0,1,7,11,14,34
2022-03-12,2102,1-4-5-7-23,2,,2425436.21,0.0,1,4,5,7,23
2022-03-16,2103,17-22-23-24-33,10,,2875220.63,0.0,17,22,23,24,33
2022-03-19,2104,1-5-11-24-29,7,,3454657.92,0.0,1,5,11,24,29
2022-03-23,2105,3-6-11-15-28,3,,3947445.11,0.0,3,6,11,15,28
2022-03-26,2106,2-8-9-10-23,9,,4575991.29,1.0,2,8,9,10,23
2022-04-02,2107,4-9-11-17-34,9,,2000000.0,0.0,4,9,11,17,34
2022-04-06,2108,8-10-24-28-32,10,,2000000.0,0.0,8,10,24,28,32
2022-04-09,2109,5-8-13-17-20,4,,2000000.0,0.0,5,8,13,17,20
2022-04-13,2110,16-19-20-32-34,1,,2000000.0,0.0,16,19,20,32,34
2022-04-16,2111,2-11-15-30-35,1,,2238763.98,0.0,2,11,15,30,35
2022-04-20,2112,2-9-25-30-33,7,,,,2,9,25,30,33
2022-04-23,2113,2-21-24-29-31,1,,3098219.75,0.0,2,21,24,29,31
2022-04-27,2114,1-2-28-33-35,5,,,,1,2,28,33,35
2022-04-30,2115,5-12-25-26-27,1,,4099755.25,0.0,5,12,25,26,27
2022-05-04,2116,5-14-22-24-31,1,,4565442.96,0.0,5,14,22,24,31
2022-05-07,2117,1-9-11-26-30,7,,5248398.42,0.0,1,9,11,26,30
2022-05-11,2118,1-4-22-23-27,1,,5831639.99,0.0,1,4,22,23,27
2022-05-14,2119,4-16-19-25-34,6,,6609514.71,0.0,4,16,19,25,34
2022-05-18,2120,1-2-4-7-28,10,,7353689.92,0.0,1,2,4,7,28
2022-05-21,2121,1-12-26-29-31,7,,8273217.52,0.0,1,12,26,29,31
2022-05-25,2122,2-4-9-10-25,2,,9169283.1,0.0,2,4,9,10,25
2022-05-28,2123,12-13-16-33-34,4,,10349235.22,0.0,12,13,16,33,34
2022-06-01,2124,6-15-23-25-32,8,,11419548.02,0.0,6,15,23,25,32
2022-06-04,2125,1-3-9-23-32,3,,,,1,3,9,23,32
2022-06-08,2126,2-4-13-26-31,2,,14046257.47,0.0,2,4,13,26,31
2022-06-11,2127,2-6-8-33-35,10,,15695394.46,1.0,2,6,8,33,35
2022-06-15,2128,8-12-14-16-21,4,,2000000.0,0.0,8,12,14,16,21
2022-06-18,2129,4-5-15-25-33,9,,2000000.0,0.0,4,5,15,25,33
2022-06-22,2130,3-17-25-26-27,9,,2000000.0,0.0,3,17,25,26,27
2022-06-25,2131,3-5-12-22-33,5,,2000000.0,0.0,3,5,12,22,33
2022-06-29,2132,8-12-19-20-27,3,,2000000.0,0.0,8,12,19,20,27
2022-07-02,2133,14-20-22-25-30,6,,2077386.98,0.0,14,20,22,25,30
2022-07-06,2134,1-19-28-30-31,1,,2616051.52,0.0,1,19,28,30,31
2022-07-09,2135,9-20-21-22-31,2,,3060684.13,0.0,9,20,21,22,31
2022-07-13,2136,1-6-20-23-34,9,,3613696.43,0.0,1,6,20,23,34
2022-07-16,2137,6-8-11-20-23,4,,4099555.45,0.0,6,8,11,20,23
2022-07-20,2138,4-8-11-21-22,4,,4729252.82,0.0,4,8,11,21,22
2022-07-23,2139,15-19-21-23-34,8,,5270873.48,0.0,15,19,21,23,34
2022-07-27,2140,8-14-17-18-27,2,,6573550.32,0.0,8,14,17,18,27
2022-07-30,2141,1-4-18-23-35,5,,7415423.19,0.0,1,4,18,23,35
2022-08-03,2142,10-12-25-26-27,6,,8120649.99,0.0,10,12,25,26,27
2022-08-06,2143,9-17-18-19-26,7,,9077046.7,1.0,9,17,18,19,26
2022-08-10,2144,1-6-11-21-33,10,,2000000.0,0.0,1,6,11,21,33
2022-08-13,2145,8-18-22-30-35,3,,2000000.0,0.0,8,18,22,30,35
2022-08-17,2146,1-3-6-25-26,1,,2000000.0,0.0,1,3,6,25,26
2022-08-20,2147,23-24-26-28-31,5,,2000000.0,0.0,23,24,26,28,31
2022-08-24,2148,2-6-10-14-19,8,,2000000.0,0.0,2,6,10,14,19
2022-08-27,2149,6-11-12-25-28,2,,2149356.84,1.0,6,11,12,25,28
2022-08-31,2150,6-7-11-24-31,1,,2000000.0,0.0,6,7,11,24,31
2022-09-03,2151,2-9-11-19-24,9,,2000000.0,0.0,2,9,11,19,24
2022-09-07,2152,8-11-19-22-24,4,4.0,2000000.0,0.0,8,11,19,22,24
2022-09-10,2153,5-6-15-18-19,6,10.0,2000000.0,0.0,5,6,15,18,19
2022-09-14,2154,8-11-12-26-31,3,20.0,2000000.0,0.0,8,11,12,26,31
2022-09-17,2155,9-10-26-27-28,9,4.0,2220362.09,0.0,9,10,26,27,28
2022-09-21,2156,3-7-8-21-24,9,20.0,2516837.13,0.0,3,7,8,21,24
2022-09-24,2157,4-6-13-15-34,10,10.0,2920583.23,0.0,4,6,13,15,34
2022-09-28,2158,1-3-22-28-31,3,5.0,3296879.57,0.0,1,3,22,28,31
2022-10-01,2159,1-7-10-11-15,1,4.0,3799446.3,1.0,1,7,10,11,15
2022-10-05,2160,3-6-7-24-26,8,4.0,2000000.0,0.0,3,6,7,24,26
2022-10-08,2161,2-4-5-29-34,5,4.0,2000000.0,0.0,2,4,5,29,34
2022-10-12,2162,10-15-16-17-19,6,4.0,2000000.0,0.0,10,15,16,17,19
2022-10-15,2163,6-9-11-31-34,5,20.0,2000000.0,0.0,6,9,11,31,34
2022-10-19,2164,2-3-11-27-34,9,3.0,2000000.0,0.0,2,3,11,27,34
2022-10-22,2165,4-16-22-25-33,6,10.0,2365511.66,1.0,4,16,22,25,33
2022-10-26,2166,5-19-27-30-33,1,5.0,2000000.0,0.0,5,19,27,30,33
2022-10-29,2167,12-18-23-26-35,5,4.0,2000000.0,0.0,12,18,23,26,35
2022-11-02,2168,1-2-13-27-29,4,4.0,2000000.0,0.0,1,2,13,27,29
2022-11-05,2169,1-5-9-20-22,1,3.0,2000000.0,0.0,1,5,9,20,22
2022-11-09,2170,2-6-18-21-27,5,4.0,2000000.0,0.0,2,6,18,21,27
2022-11-12,2171,5-12-14-22-24,1,3.0,2355255.97,0.0,5,12,14,22,24
2022-11-16,2172,11-12-24-26-35,8,4.0,2739854.45,0.0,11,12,24,26,35
2022-11-19,2173,19-20-21-29-35,9,10.0,3209458.52,0.0,19,20,21,29,35
2022-11-23,2174,13-20-24-29-35,1,4.0,3598652.62,0.0,13,20,24,29,35
2022-11-26,2175,11-13-23-24-33,4,4.0,4102861.59,0.0,11,13,23,24,33
2022-11-30,2176,5-8-15-30-32,10,4.0,4553534.29,0.0,5,8,15,30,32
2022-12-03,2177,3-9-23-27-35,4,4.0,5162878.01,0.0,3,9,23,27,35
2022-12-07,2178,2-6-14-22-31,2,20.0,5676244.88,0.0,2,6,14,22,31
2022-12-10,2179,8-12-20-25-30,5,3.0,6310533.37,0.0,8,12,20,25,30
2022-12-14,2180,1-3-4-26-34,5,3.0,6906750.24,0.0,1,3,4,26,34
2022-12-17,2181,11-18-20-23-34,6,20.0,7718465.56,1.0,11,18,20,23,34
2022-12-21,2182,2-10-21-22-24,1,3.0,2000000.0,0.0,2,10,21,22,24
2022-12-24,2183,19-21-25-29-30,2,5.0,2000000.0,0.0,19,21,25,29,30
2022-12-28,2184,7-13-17-18-32,2,20.0,2000000.0,0.0,7,13,17,18,32
2022-12-31,2185,10-15-19-22-25,2,4.0,2000000.0,0.0,10,15,19,22,25
2023-01-04,2186,13-18-20-31-35,6,10.0,2026091.57,0.0,13,18,20,31,35
2023-01-07,2187,2-7-18-28-33,9,4.0,2469184.17,0.0,2,7,18,28,33
2023-01-11,2188,4-8-19-20-26,2,10.0,2823613.36,0.0,4,8,19,20,26
2023-01-14,2189,4-5-6-9-17,9,3.0,3297917.49,0.0,4,5,6,9,17
2023-01-18,2190,12-16-17-20-26,10,3.0,3701494.0,0.0,12,16,17,20,26
2023-01-21,2191,1-4-29-30-32,4,3.0,4229936.63,0.0,1,4,29,30,32
2023-01-25,2192,3-24-25-26-33,2,,4687462.76,0.0,3,24,25,26,33
2023-01-28,2193,2-6-18-26-28,4,20.0,5295699.79,0.0,2,6,18,26,28
2023-02-01,2194,4-13-16-21-31,7,4.0,5852071.68,0.0,4,13,16,21,31
2023-02-04,2195,4-9-17-20-33,9,20.0,6517162.81,0.0,4,9,17,20,33
2023-02-08,2196,5-18-21-28-29,1,20.0,7136562.22,0.0,5,18,21,28,29
2023-02-11,2197,10-17-20-21-24,7,4.0,7891896.78,0.0,10,17,20,21,24
2023-02-15,2198,21-22-24-27-29,3,4.0,8604392.99,0.0,21,22,24,27,29
2023-02-18,2199,3-15-16-19-21,10,4.0,9515518.53,0.0,3,15,16,19,21
2023-02-22,2200,4-5-13-18-32,4,10.0,10221730.21,0.0,4,5,13,18,32
2023-02-25,2201,6-12-17-29-33,1,4.0,11344525.25,0.0,6,12,17,29,33
2023-03-01,2202,18-20-25-31-34,5,20.0,12439973.26,0.0,18,20,25,31,34
2023-03-04,2203,6-24-25-27-32,9,5.0,13815102.79,0.0,6,24,25,27,32
2023-03-08,2204,2-5-7-16-32,7,20.0,15125655.9,0.0,2,5,7,16,32
2023-03-11,2205,4-6-22-23-35,1,3.0,16858981.34,0.0,4,6,22,23,35
2023-03-15,2206,3-4-9-10-13,6,4.0,18548752.87,0.0,3,4,9,10,13
2023-03-18,2207,9-17-18-24-31,10,4.0,20998770.14,0.0,9,17,18,24,31
2023-03-22,2208,1-3-14-20-33,9,3.0,23320236.8,1.0,1,3,14,20,33
2023-03-25,2209,2-4-13-24-32,3,20.0,2000000.0,0.0,2,4,13,24,32
2023-03-29,2210,7-9-17-19-23,7,5.0,2000000.0,0.0,7,9,17,19,23
2023-04-01,2211,1-10-19-27-34,5,3.0,2000000.0,0.0,1,10,19,27,34
2023-04-05,2212,4-7-11-20-25,6,10.0,2000000.0,1.0,4,7,11,20,25
2023-04-08,2213,2-18-23-27-32,3,20.0,2000000.0,0.0,2,18,23,27,32
2023-04-12,2214,6-14-25-28-29,9,5.0,2000000.0,0.0,6,14,25,28,29
2023-04-15,2215,2-15-27-32-33,9,10.0,2000000.0,1.0,2,15,27,32,33
2023-04-19,2216,17-22-23-29-35,7,4.0,2000000.0,0.0,17,22,23,29,35
2023-04-26,2217,3-4-19-20-26,8,3.0,2000000.0,0.0,3,4,19,20,26
2023-04-29,2218,6-10-12-17-27,4,,2000000.0,0.0,6,10,12,17,27
2023-05-03,2219,7-15-16-21-23,1,10.0,2000000.0,0.0,7,15,16,21,23
2023-05-06,2220,11-13-15-20-29,7,10.0,2022895.98,0.0,11,13,15,20,29
2023-05-10,2221,7-14-17-20-31,4,3.0,2381738.56,0.0,7,14,17,20,31
2023-05-13,2222,6-10-18-27-28,4,3.0,2816733.27,1.0,6,10,18,27,28
2023-05-17,2223,2-9-10-20-26,1,,2000000.0,0.0,2,9,10,20,26
2023-05-20,2224,2-18-25-32-34,2,3.0,2000000.0,0.0,2,18,25,32,34
2023-05-24,2225,1-5-14-28-33,3,4.0,2000000.0,0.0,1,5,14,28,33
2023-05-27,2226,2-8-22-24-28,5,20.0,2000000.0,0.0,2,8,22,24,28
2023-05-31,2227,15-18-19-28-34,4,4.0,2000000.0,0.0,15,18,19,28,34
2023-06-03,2228,3-9-15-18-33,5,4.0,2241521.12,0.0,3,9,15,18,33
2023-06-07,2229,4-5-7-19-26,7,20.0,2605774.88,0.0,4,5,7,19,26
2023-06-10,2230,2-13-17-18-35,7,5.0,3042469.62,0.0,2,13,17,18,35
2023-06-14,2231,7-21-28-31-34,9,20.0,3432377.06,0.0,7,21,28,31,34
2023-06-17,2232,6-10-15-17-28,3,3.0,3939259.4,0.0,6,10,15,17,28
2023-06-21,2233,2-8-10-20-30,4,3.0,4348927.11,0.0,2,8,10,20,30
2023-06-24,2234,7-12-23-30-34,8,5.0,4901038.95,0.0,7,12,23,30,34
2023-06-28,2235,1-3-5-13-24,6,4.0,5380598.7,0.0,1,3,5,13,24
2023-07-01,2236,10-13-26-27-29,7,4.0,6038985.3,0.0,10,13,26,27,29
2023-07-05,2237,7-9-12-25-27,1,3.0,,,7,9,12,25,27
2023-07-08,2238,3-11-21-23-24,8,20.0,7321969.14,0.0,3,11,21,23,24
2023-07-12,2239,9-11-12-19-34,10,20.0,,,9,11,12,19,34
2023-07-15,2240,2-20-26-30-34,5,10.0,8783139.82,0.0,2,20,26,30,34
2023-07-19,2241,2-3-11-18-19,4,20.0,9553361.25,0.0,2,3,11,18,19
2023-07-22,2242,6-13-22-26-33,3,10.0,10525794.28,0.0,6,13,22,26,33
2023-07-26,2243,2-10-17-25-32,5,20.0,11412910.61,0.0,2,10,17,25,32
2023-07-29,2244,1-5-11-15-30,9,5.0,12495260.66,0.0,1,5,11,15,30
2023-08-02,2245,2-11-15-18-25,1,10.0,13515861.0,0.0,2,11,15,18,25
2023-08-05,2246,4-21-26-27-33,2,10.0,,,4,21,26,27,33
2023-08-09,2247,1-5-6-30-33,4,3.0,15920302.1,0.0,1,5,6,30,33
2023-08-12,2248,5-16-23-29-33,8,4.0,17294213.84,0.0,5,16,23,29,33
2023-08-16,2249,4-10-22-27-31,2,4.0,18632080.65,1.0,4,10,22,27,31
2023-08-19,2250,6-8-15-24-28,1,10.0,2000000.0,0.0,6,8,15,24,28
2023-08-23,2251,8-13-20-25-31,6,20.0,2000000.0,0.0,8,13,20,25,31
2023-08-26,2252,13-18-21-31-35,3,3.0,2000000.0,0.0,13,18,21,31,35
2023-08-30,2253,4-8-9-10-32,1,4.0,2000000.0,0.0,4,8,9,10,32
2023-09-02,2254,3-14-15-21-28,2,3.0,2030084.95,0.0,3,14,15,21,28
2023-09-06,2255,2-6-20-22-23,6,3.0,2395740.96,0.0,2,6,20,22,23
2023-09-09,2256,13-16-22-24-29,7,3.0,2854740.44,0.0,13,16,22,24,29
2023-09-13,2257,5-25-29-31-34,3,4.0,3239832.26,0.0,5,25,29,31,34
2023-09-16,2258,7-8-19-26-28,9,4.0,3757216.97,0.0,7,8,19,26,28
2023-09-20,2259,9-13-16-20-34,3,3.0,4172020.3,0.0,9,13,16,20,34
2023-09-23,2260,2-11-23-24-34,7,3.0,4752379.18,0.0,2,11,23,24,34
2023-09-27,2261,18-19-23-27-35,6,10.0,5216287.61,0.0,18,19,23,27,35
2023-09-30,2262,3-6-17-19-30,5,20.0,5853842.81,0.0,3,6,17,19,30
2023-10-04,2263,10-23-27-28-31,8,3.0,6407923.56,0.0,10,23,27,28,31
2023-10-07,2264,7-16-26-29-35,7,3.0,7104910.67,0.0,7,16,26,29,35
2023-10-11,2265,5-10-13-26-34,1,3.0,7703863.14,0.0,5,10,13,26,34
2023-10-14,2266,1-12-21-23-31,9,3.0,8484695.82,0.0,1,12,21,23,31
2023-10-18,2267,10-19-30-31-35,7,3.0,9175542.85,0.0,10,19,30,31,35
2023-10-21,2268,2-6-10-17-25,1,4.0,10049779.0,0.0,2,6,10,17,25
2023-10-25,2269,5-7-15-20-27,7,20.0,10815922.59,0.0,5,7,15,20,27
2023-10-28,2270,10-12-14-29-33,4,10.0,11791813.44,0.0,10,12,14,29,33
2023-11-01,2271,2-3-11-26-31,8,20.0,12718928.08,0.0,2,3,11,26,31
2023-11-04,2272,3-8-30-31-35,9,10.0,13805484.86,0.0,3,8,30,31,35
2023-11-08,2273,3-11-13-19-26,10,20.0,14799078.17,0.0,3,11,13,19,26
2023-11-11,2274,9-11-24-27-28,6,10.0,16032692.47,0.0,9,11,24,27,28
2023-11-15,2275,9-22-25-26-33,3,20.0,17140607.31,0.0,9,22,25,26,33
2023-11-18,2276,11-12-20-29-30,1,20.0,18516196.85,0.0,11,12,20,29,30
2023-11-22,2277,13-22-31-33-35,2,4.0,19898030.92,1.0,13,22,31,33,35
2023-11-25,2278,7-11-16-21-25,3,4.0,2000000.0,1.0,7,11,16,21,25
2023-11-29,2279,3-13-14-17-18,3,20.0,2000000.0,0.0,3,13,14,17,18
2023-12-02,2280,3-9-15-17-18,1,20.0,2000000.0,0.0,3,9,15,17,18
2023-12-06,2281,5-12-25-31-34,7,20.0,2000000.0,0.0,5,12,25,31,34
2023-12-09,2282,8-10-17-21-31,6,4.0,2000000.0,0.0,8,10,17,21,31
2023-12-13,2283,3-11-17-28-29,9,5.0,2000000.0,1.0,3,11,17,28,29
2023-12-16,2284,9-16-18-28-31,2,20.0,2000000.0,0.0,9,16,18,28,31
2023-12-20,2285,14-22-26-33-34,4,3.0,2000000.0,0.0,14,22,26,33,34
2023-12-23,2286,3-8-13-14-28,9,3.0,2000000.0,0.0,3,8,13,14,28
2023-12-27,2287,1-5-11-23-31,3,4.0,2000000.0,1.0,1,5,11,23,31
2023-12-30,2288,10-25-29-34-35,1,4.0,2000000.0,0.0,10,25,29,34,35
